label,mean,max,min,std
0,10.2165067666,18.0744819832,5.13682994488,3.03310826803
0,10.7751067639,27.8345125663,2.72122888967,4.79216507445
0,11.9074485101,42.1272036867,0.655364340601,9.58206715825
0,12.3939194894,55.4808341167,1.28307764193,11.859039849
0,11.497388918,57.5396889593,0.904184439399,11.8132159458
0,12.3182036164,55.8129218995,1.29027707469,10.2954128759
0,11.2522191316,48.6226190281,0.792216680235,10.6310271583
0,12.157281717,52.8479741798,0.975283830235,11.6219461615
0,11.6476760437,45.3549368408,1.81757592648,9.27532338216
0,12.1615183016,44.5531394756,1.40178415213,9.75955901958
0,11.6424161239,45.6151126096,2.21994012114,9.31638156011
0,11.9601940022,47.1540888462,1.33808245164,10.7693558239
0,11.4971122846,49.051625839,0.629816151618,10.2186535179
0,11.1082021751,35.8573522018,3.12471108337,6.02085015206
0,11.2972231185,24.9184501046,2.93466248187,5.03387803775
0,9.91943644005,17.0545975415,5.90827645645,2.06349546243
0,10.7168091557,22.1443149048,1.72260110701,5.015012564
0,10.9035856284,18.8482140234,2.50981785111,4.27184184113
0,10.4950557182,18.3468853562,2.97549090632,4.1185111964
0,11.7762493566,21.4921185319,3.56909226113,4.51955087568
0,9.71296473289,17.9345162786,3.77625041995,2.33914586646
0,9.99876665596,18.2672708369,4.79955682826,2.47265249818
0,11.7153638776,21.3399030802,4.85321152383,3.98861122798
0,10.4925323305,19.0511687124,1.86071214322,4.78298109436
0,11.2283729749,21.7831105976,2.24714425309,4.7879481073
0,10.7027366843,22.4716177313,2.3099370174,5.14075459611
0,11.5437400806,27.3481995074,2.80876489273,5.1388053459
0,10.5956709671,20.3008749103,1.95002697127,4.63352796362
0,11.0833134769,24.9370222724,2.3930714076,5.37924704141
0,11.4004673516,23.3668217266,2.51416258922,5.6286720892
0,11.1807869439,24.1611774536,2.89443024728,5.05564444948
0,11.2585684037,24.7346539795,3.43497779504,5.28909392971
0,12.2588547936,21.8352964377,4.43568501849,4.61567717075
0,10.6133174601,20.4953866868,3.40600583631,4.58954829962
0,10.4873778701,20.6374579885,2.20281133333,5.10834716596
0,11.5951918221,23.0092950002,3.55495658829,4.87852820873
0,10.8027360886,24.369301558,2.1649091159,5.17511737385
0,11.122314032,22.2532742749,1.84693372009,5.18453753995
0,11.2613622701,23.8810328705,3.63036782083,5.01311555489
0,12.2488572915,26.9910342094,3.16620295753,6.14725335701
0,12.0121986733,26.3029297064,4.66584157312,5.26069947283
0,11.5087981032,22.9075738643,4.67452165487,4.59402147761
0,11.8006757246,20.8628846603,4.45729124241,3.87122342958
0,11.2343293431,21.3910124541,3.29878950442,4.5573795377
0,10.5723612772,20.9725194289,2.41322228821,4.4940646048
0,12.6768636429,25.7185791862,3.37410890361,6.21290818927
0,12.8371286787,25.3492670698,3.60457059335,5.96105688076
0,11.4606441615,23.3603466829,3.28166014807,4.84750751556
0,12.1217574502,21.9344784052,3.99425183325,4.48054740852
0,11.5171608122,23.449313588,4.35281388544,4.05842507249
0,10.9517786042,20.8245289241,3.50911243112,4.14226984011
0,10.8590510234,19.3239202594,3.75944248421,3.55761739549
0,10.9669450258,18.3454230744,4.440314107,3.65265772146
0,12.2404167947,24.7659584846,3.30267950699,4.83499520773
0,11.9810812351,22.3582534511,4.31793996544,4.94540192821
0,11.3816919878,23.3409977479,4.20741275397,4.52352565611
0,12.062465731,24.2893557002,5.23568502187,4.88718432878
0,12.7509133924,26.6772682498,4.54878163222,5.35458732198
0,12.3124575499,26.4525791332,4.33403150312,4.80885126351
0,12.3157460744,26.9526475359,4.52537291523,5.32950787478
0,11.7876724743,22.5823976211,4.57256179084,4.83757731442
0,11.9171183757,22.8421941765,4.08653691087,5.25983650992
0,11.8947835473,24.9453380493,4.25690940354,5.14388933942
0,10.5132064016,19.2176375936,3.37879470989,3.72344081369
0,11.3955597286,19.9536952547,2.96067413281,4.03438202059
0,12.3669085099,23.2049060559,3.77610454597,4.64417717954
0,10.3166246563,27.14310123,3.26941016869,4.58649949015
0,11.0294017487,20.1192192599,3.52080200311,4.17455385991
0,10.6134592993,23.5938558644,3.46987152206,4.05551744363
0,11.7694954197,22.4404373521,4.45831959781,4.3776568625
0,11.8404327078,22.6335470992,4.5799469367,4.34781579385
0,12.055270356,30.9489484323,4.75482423893,5.35479638053
0,11.8766163113,26.571774886,3.74334340316,4.71391065225
0,13.1422631694,28.218806803,4.50032488033,5.01936933837
0,11.5548782228,25.2841440469,3.02769497344,5.17501303954
0,11.8751463046,22.7538263341,4.17502649641,4.88206097552
0,12.5274344716,22.4928793734,4.70674469821,4.63807417324
0,12.3394458,27.8829934131,3.77278788224,5.04887280381
0,11.8472209632,23.7541162965,4.37816165576,4.86562768094
0,12.5952516203,26.9576924957,4.04272861793,4.95855784941
0,12.4008986342,23.5515672229,4.56411964509,4.76698101278
0,11.9432756643,29.6017987921,3.43209305718,5.1875126001
0,12.9532839702,23.8926462378,3.039621812,5.01227069987
0,12.7732864894,24.8245864968,4.15276885172,5.14359393334
0,12.7708831574,26.1894928015,4.43120614872,5.56061349369
0,12.2501294978,32.7029106191,4.661466019,5.18958572818
0,12.9720858522,23.3826694363,5.14659595939,4.45357097004
0,13.3449801025,23.8860114208,5.61081562901,4.84706252454
0,12.2709667314,23.5457012625,4.39342727197,4.4726461518
0,12.9854204291,25.3498428837,3.66542816207,5.73288477032
0,11.0811965991,19.0741486244,4.29277093214,4.09482923623
0,12.6595422803,21.32507643,4.46933244426,4.52995072415
0,13.5558246651,31.1871898626,4.29478940651,6.08947529147
0,13.5679738166,26.2662959361,6.27810621101,5.17190471468
0,13.28742453,26.9741268349,5.38029905014,4.25251393153
0,12.3033431504,22.4436570588,4.16525047984,4.83239622855
0,11.2246893383,19.9721249743,4.00974383528,3.92494991656
0,10.9226153721,21.1782105836,2.79455756237,4.0600290016
0,10.6562274108,18.1506356267,5.9345998075,2.48040178644
0,9.84903353441,16.2647169511,5.42460805003,2.52725737933
0,10.8747654333,21.7905121684,4.34091419156,3.47479067786
0,10.8880701242,21.6539891588,5.33894716657,3.46548750843
0,9.99275206314,18.6520221447,3.53110258184,3.62061143277
0,10.3189799327,18.7963274039,5.18094613059,3.07031849779
0,10.5877203371,20.1272483268,4.36795835857,3.68900237902
0,10.2101432704,16.1105146258,4.48240591193,2.98983121965
0,9.95885977386,14.4630084526,6.06182378103,1.8215865601
0,9.97635427162,14.5310492533,6.20047049917,1.74587823946
0,10.0415409031,16.0232229594,4.0647537264,2.39260435952
0,9.98203399816,16.3871364496,4.74717017165,2.28643152577
0,10.0501011475,14.1187403818,7.26597538754,1.77334329811
0,9.90216021241,13.9638773212,4.91823794115,2.1086717193
0,9.93605221385,13.1328054611,5.55624848917,1.96761225097
0,10.1444860171,14.8010034672,5.61659929469,2.3396142454
0,10.0071280774,17.2372256396,5.65879887205,2.44145724073
0,10.4591600284,16.1251611797,4.70070043486,2.7320406859
0,11.6460312225,26.3117847502,2.24093185538,4.45769427529
0,10.0694966233,15.610447881,4.14855946118,2.44799429315
0,9.98175331899,15.5979604824,3.95795628435,2.35989235915
0,10.171118881,14.4231736678,4.09405957765,2.34866421166
0,10.5253985936,19.7079133919,4.20992964116,3.55257437774
0,11.4969093889,22.2121922362,4.78139764835,3.88315155323
0,11.1919340413,22.3249028111,4.31250963902,3.99543803407
0,10.4982148372,20.8162219621,3.42452201196,3.98886135923
0,10.5491781905,19.6677708353,3.67736912245,3.66161042399
0,10.397249698,18.7085364877,3.83276928161,3.82693449256
0,10.4358003409,21.8496690435,3.11387618797,4.13885971647
0,10.1912370941,22.3621590073,3.08848678775,4.06073291614
0,10.1369731573,19.1922304866,3.29928974472,4.13590469356
0,10.4083087441,19.6476258813,3.08997128072,4.33131522658
0,10.876614818,25.258919138,4.19510028669,4.41193601013
0,11.2447936667,21.7368135352,4.97436532965,4.21075255915
0,11.700693747,24.3953821417,3.98148763498,4.88204563667
0,11.1168155958,18.9158056299,3.84907826274,3.86258683344
0,10.6877000059,24.8087197831,3.41329541639,4.35198443813
0,11.7309840491,20.4980651335,4.48322444719,4.14391320163
0,11.6674310508,22.7872562251,3.93028453212,4.65736946906
0,12.7017157543,26.2178980462,4.26012913545,5.1342393164
0,11.6905987327,25.457534578,3.13602032105,4.97548540432
0,12.2474497153,24.8181574835,4.25732963721,5.2114610335
0,11.7499987239,20.1029132896,3.54837164761,4.4234859258
0,11.648144018,18.9202315223,4.6392292066,3.89612022387
0,10.6445960619,19.67857625,3.23925493806,3.89102501249
0,11.1544173003,21.1885307651,4.24943744076,4.58279185021
0,11.4621530296,20.3530243514,4.78470556292,4.08619508702
0,11.4163394505,21.1971817941,3.38848489634,4.89604536947
0,10.6203238274,18.0553818811,4.34890376366,3.67724982985
0,11.2758323691,18.2712175116,3.55888891816,3.57166160472
0,11.109006387,23.3901836393,3.08062211516,4.61823649401
0,10.912336103,21.9805267827,3.3469671768,4.51217149004
0,10.6937157368,19.2039478095,2.53705858428,3.96438926263
0,10.3692831501,18.7754987395,3.19355989502,3.7193389834
0,10.4536680013,16.9015688544,2.49203172262,4.06501112584
0,11.430286737,19.7938239076,4.3046973146,4.33345319643
0,11.5559062334,20.3613220295,5.07452414189,3.77176767932
0,11.0781421329,20.1983509566,4.00032064089,4.02039475665
0,11.4139474645,22.2276549632,4.66792451181,3.89838043308
0,11.7161933358,22.8986634698,3.33763746759,4.17402155305
0,11.7588932744,20.7047415904,4.58859968379,4.16046527509
0,11.4785875456,19.7852872313,2.97641552131,4.74246773061
0,11.4174117923,19.4617451221,3.35437131033,4.04398097578
0,11.4653205059,17.3879086933,4.23018486121,3.66656108189
0,10.569453613,19.5591521576,3.1454380957,3.86240716535
0,11.2294365547,22.8767675225,3.83689468755,4.30933663811
0,11.1731343895,21.8478620683,2.95517039841,4.79128594221
0,11.2738674558,24.5943822704,4.27210397237,4.58819089445
0,11.8336430719,21.1381179735,4.42579049549,4.15773830153
0,11.0467674565,21.7751516266,3.46919739634,4.47694427018
0,10.8543095946,21.1494795327,2.95769877539,4.43304851501
0,11.5244044216,23.4256543455,3.95450231193,4.5058680759
0,10.5109254613,22.7209590841,3.33224713991,4.62675189366
0,10.9298018556,21.5924413749,1.83685049167,4.90225112279
0,11.6921020038,27.2664235929,2.20717866346,5.00250131526
0,10.691493829,19.7033707712,3.33418689533,4.53696147057
0,11.3781189787,21.1477193435,5.66729335953,3.77649437946
0,11.9107744029,23.922420271,4.29487479535,4.69365390133
0,11.4801320438,20.1725973751,3.98240896131,4.62118611152
0,11.364643466,24.5216494738,4.05650968667,5.12544626895
0,11.9876060246,22.5942564929,4.1281924704,4.48306273996
0,11.078189867,28.4633544995,5.02066787942,4.71509346983
0,11.2389490287,22.6906748261,4.49712401512,4.63163032591
0,12.26603539,22.7105265247,4.66863196374,4.81183281717
0,11.2689604985,21.0820054287,4.7265688065,3.85331883818
0,12.3322201984,21.6371530369,4.35960394467,4.94808122488
0,12.5014847197,22.1257681701,4.99399046071,4.89194633797
0,12.6387594072,22.3009531563,4.9587980398,4.40205532455
0,12.0486256194,22.8174989423,3.02349663917,5.05928279619
0,11.0025488287,24.7157672434,2.59533228369,4.84901952333
0,12.0244782439,30.1961965629,4.52913113734,5.37980448454
0,11.7990834446,26.1985196512,3.0933234981,5.87944852007
0,11.4149746634,24.9257943175,3.46579864664,5.36399775297
0,10.3793172216,21.237291959,2.96387847041,4.87571446341
0,10.7281127677,19.5919965241,3.09547225786,4.01421977433
0,12.0333949859,20.248218542,5.99665640883,3.95386208454
0,11.5013020839,20.67111968,3.98882905436,4.3060165954
0,10.1756218011,18.7203770165,3.09450927077,4.12478861662
0,11.0475441187,19.7626488428,0.69989361662,4.71881192415
0,10.6099985019,18.8264277088,3.22945776959,3.91768289601
0,10.9930539958,18.9718444253,3.13403108311,4.47583862894
0,10.030404855,20.6529064291,2.85255441212,4.16180751681
0,10.3771930598,17.8826889971,3.49712135029,3.37849068889
0,10.1783336624,17.9538459693,2.03321724085,4.13326044337
0,10.7184076143,18.1648499304,3.45754545494,3.6926279642
0,10.2527245082,17.201803072,3.46784898756,3.44627940187
0,10.2367120749,23.6796681432,3.87818106637,4.22854669315
0,11.1291563626,23.8321455536,4.79496858581,4.13512007599
0,10.2886840232,17.6444295214,3.45579434119,3.55943505289
0,9.1477451648,11.7937893043,7.59620696505,1.6152261143
3,9.78888978348,15.2762583244,5.52809069135,2.0401650018
3,10.5414470931,15.7068211929,6.09838826694,2.82853276448
3,10.2582620409,15.131066688,5.82759479396,2.74110328028
3,10.1083379578,16.1135910056,5.39073866611,2.74310525665
3,10.2323070258,17.4834680336,5.56295418768,2.83803326056
3,10.0435399525,16.5171953489,5.22247739361,2.98931753844
3,10.1246036154,16.5770980157,5.18721798704,2.70249328738
3,9.70007713645,16.6873209328,3.44192619831,3.24009672069
3,10.1247696739,15.7723958623,3.62002042499,3.62502863013
3,9.84410556191,16.1831770343,4.48000129701,3.19117403305
3,9.83839435565,17.0274075335,3.86011849374,3.33554990714
3,10.0722811411,17.0383269168,4.58761022191,3.42206042053
3,9.96232422301,17.4968706054,4.31851378782,3.37855797819
3,10.1030013134,16.8478017505,4.22021134943,3.47463895314
3,9.77261639302,16.5967361722,3.52603398321,3.28416433848
3,9.72369274856,16.3611916208,4.0522795078,3.30988482486
3,9.67712969391,16.0121515702,4.08197814685,3.24871013047
3,9.87265514885,16.4893839299,4.96860035489,3.10433900005
3,9.96351329797,16.388748211,4.6427367068,3.33065047814
3,9.90094287432,17.2510467532,5.25261462081,2.58771646175
3,9.67994179516,16.8583156448,4.21537257525,2.81447684605
3,10.0146103801,17.2023928629,4.73432398896,3.22277623574
3,10.1463592584,16.2786276493,4.92885613867,2.89845480213
3,9.86261555882,16.8628660616,4.61482846401,3.03346845458
3,10.0608897623,15.8394880269,4.41832380619,2.92750282295
3,9.94046877183,16.9661766789,4.23080269437,3.35793010563
3,9.7781129363,16.1150341742,2.52148418275,3.28222912561
3,10.0921271387,16.6162701442,4.08890392621,3.17510261455
3,9.99658028424,17.5865070746,4.89750440164,3.42544735105
3,9.80519965027,17.1219517384,3.83700226449,3.48503440967
3,10.0172918946,16.2040612302,3.70757263303,3.36552641211
3,9.89993413371,16.5156824301,4.18471415295,3.36692083498
3,9.91209952825,16.9788266373,3.83552002375,3.63860739879
3,9.84557859151,16.363711243,4.44439151144,3.32075169976
3,9.85740405058,16.1659141329,4.14927771747,3.13411977241
3,10.0446662585,17.2153600246,4.92306567678,3.15735698938
3,10.0336199022,16.9127969474,4.64890608041,3.14606071643
3,9.92975466009,16.315708773,4.57487783523,3.21278131805
3,10.0510785554,16.2773266502,4.5621298221,2.99173778303
3,9.88433855803,16.2404600303,4.91797712736,2.65743676662
3,10.9714287662,28.7691555246,3.73206825946,4.44151867437
3,10.9851570795,23.2188528855,5.36838779294,3.67968179889
3,10.8222106709,27.1646616798,3.96423122206,3.92636472998
3,10.894412786,24.9649120409,4.98982889747,3.54987865257
3,10.5852580784,20.1456272746,3.73915147166,3.44783732932
3,10.3045346546,18.5219426688,4.67428615958,2.42291266264
3,10.0438814948,15.7663701839,4.69401292467,2.34138217958
3,10.1944162431,16.7221105277,5.35304951119,2.91145723759
3,10.2009431967,17.9946188024,4.73886484275,3.48915125685
3,10.1741892791,17.3076013452,4.38883244164,3.07167616695
3,10.239934551,18.0492452655,5.36487551092,2.95292159741
3,10.1499189421,17.5137861083,4.4268158915,3.37033106914
3,10.0961971592,17.1242962932,3.83430039329,3.5632503061
3,9.97112019415,18.3841791209,3.49250281312,3.60605385592
3,10.095515046,19.2112358047,4.26384125601,3.70527131545
3,9.9755888452,18.2378336486,3.88201032089,3.44945308526
3,10.1031043607,17.2856075721,3.57320144701,3.4050850255
3,10.0911701592,17.3682896624,3.44501575999,3.4429807618
3,10.1327694022,19.3680764489,3.40712312098,3.70407243781
3,10.0436278182,18.7273696715,3.64969329239,3.61829637095
3,10.1515441202,19.0395329712,4.19881543475,3.76205136006
3,10.1977158542,18.0164281033,3.84694487696,3.41967918579
3,10.2087891576,18.3949119702,3.58676666749,3.32698326618
3,10.0970560425,18.4589589511,3.45543607854,3.59077249536
3,10.0647835044,17.5983197872,4.03524636098,3.68001781827
3,10.0471101191,17.7063892721,3.66072095767,3.54326406162
3,9.99240472448,18.1591266932,3.27820685578,3.77404042592
3,10.1720601151,19.2531521757,3.59829324169,3.67950469228
3,10.0743611557,15.6535769427,4.6720489853,2.85104181188
3,10.3894207374,19.6255929291,3.33248118753,4.13045645443
3,10.256655323,18.2647588357,3.404955404,3.5643527655
3,10.3099721108,19.4291876289,4.05302628782,3.72931727726
3,10.243504706,19.3111126586,3.80345156426,3.35746093276
3,10.3323390699,18.6771135222,3.87705768015,3.41382028204
3,10.3022601384,17.6784764691,4.30153220095,3.44641822507
3,10.1892145088,17.662898308,4.49988674701,3.20242082196
3,10.1767297867,17.8897489344,4.26341105303,3.27678153517
3,10.3332576295,18.2892913112,4.17928610408,3.4601287476
3,10.358028683,17.9905378535,4.05257366199,3.3317369747
3,10.1208358531,17.6034269127,4.08210196732,3.30197756444
3,10.4267664778,20.8799103038,4.03910848494,3.41667767841
3,10.4313262117,20.3749974838,4.1113175896,3.44934733024
3,10.2429104994,17.4293173662,4.14294042711,3.26336832854
3,10.3500048881,15.8023983686,4.05140795844,3.08906875965
3,10.2334697224,17.6045026937,4.57495793945,3.20341997087
3,10.271980225,17.9945985926,4.87243050188,3.24788311829
3,10.3518270126,18.3661335159,4.88219939562,3.07874944811
3,10.2641676745,16.9369451753,6.01973733532,2.42762606443
3,10.2104395882,17.3745394936,6.10256792337,2.8271227229
3,10.2007332722,17.3412069737,6.42178995675,2.33883986463
3,10.5200970347,17.6099243197,4.69991978355,3.0657272568
3,10.2929064696,19.3470309324,5.33725517256,3.13123191945
3,10.2373567966,15.7822573472,6.57952420664,2.07183759808
3,10.5108185315,18.4891260467,4.62092583776,3.25684801303
3,10.1074734286,16.3883823303,3.50811908581,3.32102678055
3,10.11207556,14.9076096349,7.0360338201,1.95654967614
3,10.3546817195,26.9298801075,1.00829722455,2.65681794693
3,10.2781792138,15.2755858793,6.3972066945,1.62307323778
3,10.3170844342,17.2900321464,5.25893160977,2.97516306632
3,10.7040687171,19.0967313041,5.10831740986,3.49472499906
3,11.1458137434,17.6624516565,6.81404454535,2.89065695054
3,11.1206185951,17.8948189202,6.41627479377,2.92375012809
3,10.7604394122,16.8731779504,4.83758624064,3.4243940593
3,10.6864576978,16.0126071241,5.36618320264,3.22939066868
3,10.5877382544,16.8266706029,5.43127392848,3.36636147055
3,10.6745867281,16.4114782942,5.59908323951,2.85847520638
3,10.3998898273,17.474657218,5.33652428773,3.40951296791
3,10.417541299,16.7640652829,5.18245963113,3.51755394553
3,10.4215509858,16.8219378816,5.22080054194,3.56593526963
3,10.5411158297,18.0735582676,4.43382362964,3.62139468525
3,10.7801296124,18.035676694,6.19740762419,3.21932915237
3,10.8691025251,17.6798569417,5.85192247547,3.39265482431
3,10.3364070486,16.9481968904,5.65538620023,3.17511737561
3,10.518583041,16.8933677822,5.02709383099,3.33680481696
3,10.7217580023,16.6144678177,5.46176949185,3.14420098089
3,10.6789336091,18.7094655187,5.16700454962,3.71487057844
3,10.532527988,17.0002828502,4.91336857251,3.59343961282
3,10.4433554338,16.381250819,5.11665058051,3.26393889399
3,10.481166369,17.5714808707,4.5474101129,3.79577831364
3,10.5001457648,17.9240983955,3.89187347739,3.65602590401
3,10.4606803945,16.5298293015,5.17524311791,3.17346462051
3,10.620501902,17.5226675189,4.42372804276,3.45968504588
3,10.5725574968,18.1870752094,4.86481061955,3.77757657345
3,10.6922237143,17.0883424987,4.47016340654,3.7009204089
3,10.8240534025,17.3037313117,5.19508896218,3.66365557239
3,11.1461105903,18.1479096191,5.46218119423,3.39265464081
3,11.0199580538,19.0341373379,5.34417547388,3.59692159081
3,10.7812880686,17.09194225,4.97118370079,3.32094302695
3,10.8500674288,17.5462603097,4.49466632558,3.80923258903
3,10.7621151966,19.6188280453,4.91760392472,3.54756399187
3,10.7527495047,18.1661926888,4.75115812471,3.70105199461
3,10.2469040787,17.2848108798,5.31227120396,2.68341184171
3,10.2579171304,16.4767086093,4.09549325097,2.90549848962
3,10.2634531415,18.3083584175,3.34978838086,3.9633471813
3,10.4860623574,18.1379812001,3.97489399054,4.0112196509
3,10.5712482945,18.6646849223,4.12538108761,4.23415101932
3,10.4645068294,17.7046685655,4.07869663231,3.9837442087
3,10.5695334786,19.4058372176,4.37780567222,3.73932487749
3,10.57282229,17.3297267332,3.83652426273,3.72296341922
3,10.6888947096,18.8169536279,4.98555351616,3.75654732608
3,10.3516536639,16.9411466918,4.72976000122,3.79461635671
3,10.493486441,17.3361609013,4.29439429976,4.0131553047
3,10.5861516586,17.6746313337,4.7752360596,3.86611072699
3,10.4092572849,18.6772842973,3.77089128215,4.33313013449
3,10.3660367889,19.3549129106,4.0839102513,4.02604214488
3,10.5631751275,15.911756973,5.53338904147,3.33759359315
3,10.5341373723,18.4263082132,4.82387839328,3.85622356864
3,10.7341655559,18.2560717794,5.38259155343,3.83780341426
3,10.356726761,17.2097216036,5.17667822329,3.70064353247
3,10.5406707084,18.5515433984,4.28105775978,4.01730118831
3,10.3918962803,18.4664549568,4.58284988653,3.68450208064
3,10.6803809965,17.4969648116,4.91753882407,3.63660259972
3,10.6334383716,17.3840201098,5.05115490891,3.65192875595
3,10.6051125834,18.6843916477,5.03056823614,3.71098258312
3,10.9199773666,17.8557429412,4.99673510634,3.68364819635
3,10.4791026941,16.2231389911,5.28837497946,3.17839781271
3,10.6279371704,17.3805944217,5.80681537851,3.1428116092
3,10.7081210338,17.5853485938,4.80104721764,3.75644684471
3,10.6271050468,16.870718231,4.57981682269,3.24861654521
3,10.5566989672,16.5774523577,5.52124297087,3.35661797969
3,10.5561655645,16.8489241581,4.32920397997,3.39845256508
3,10.4433807988,16.9780983698,5.88830306852,3.19283411653
3,9.99969791101,17.6778703989,5.47701256765,2.71554325366
3,10.1146890374,17.4660165144,6.06000764094,2.30195171109
3,10.1878104179,15.9888911092,5.72809943538,2.50295588248
3,10.0597668397,14.6884173855,6.67003111148,2.1956065134
3,10.0905804601,16.9910212245,4.23960580311,2.82203640577
3,10.1120320642,17.675649069,4.34203373601,2.82288886759
3,10.0589280294,17.7338911642,5.54811287733,2.69823404598
3,10.0578637734,19.1198091911,3.17223675802,2.99352795287
3,9.90528329844,17.9921618306,5.09339377167,2.92561793309
3,9.82321392448,17.2019877614,5.51508507422,2.4469921557
3,10.0881162199,16.8760311544,4.77844264453,2.46721146705
3,10.0565920359,19.5870024744,5.0689269228,2.97259850405
3,9.82334563391,17.9829206633,3.88949241572,2.99616640927
3,10.0758584742,17.4757929795,5.20832142417,2.85867157144
3,10.2348671416,20.4497806903,3.47169480807,3.3973077843
3,9.95639379663,20.0749150823,4.95306091235,3.06048301027
3,9.99792741477,17.7908183664,6.10295097532,2.6158413681
3,9.9092259251,17.1700727921,5.68663964278,2.61337723206
3,10.0884589121,16.3044115724,5.39093411941,2.39875713379
3,9.9175367602,16.3887140103,5.55869096644,1.93412999322
3,10.0063254809,16.9931861694,5.61155945349,2.22862131893
3,9.95346699253,16.9030965206,4.50060000952,2.76178298809
3,11.0049317854,16.2122888609,5.53642996155,3.07848743154
3,10.7230155365,17.3100278243,5.11322578347,3.64067289555
3,10.3251849955,17.9899187675,4.37630727615,3.87598670985
3,10.5667498884,18.361174465,4.8391119657,3.70819444269
3,10.9429166925,18.5852774864,4.96028661515,3.98991300741
3,10.8755355479,17.9773404039,4.83909346457,4.07683161118
3,10.6993741606,17.8350017441,4.89648383446,3.72228459326
3,10.6099344285,17.8525804965,4.40880663569,3.96151989486
3,10.5703565268,18.2278210698,2.68593143882,4.01201906319
3,10.3427349248,16.1291902377,5.41960128429,3.1463322603
3,10.1339773318,17.7571921036,4.08449398357,3.31325544774
3,10.4591408083,17.7385138975,4.90871827587,3.8085093612
3,10.5008602105,17.4728285006,5.41221797116,3.53114847177
3,10.6678037419,16.8993153151,4.86118000903,3.59419782999
3,10.5104970148,18.183424378,5.14326222318,3.63325325133
3,10.9401962226,18.8327993539,6.17766417023,3.32715820888
3,11.0551971934,18.3570203078,6.87893427737,3.07666391633
3,11.2624961693,20.1363289489,6.15583861872,3.50809645021
3,10.9537962707,17.1897740865,6.62041399299,3.0760496108
3,10.719486697,16.9134162217,5.475237174,3.18279421891
3,10.8644832372,17.3018570171,5.68931635775,3.42127633092
3,10.6195864175,17.4687208013,5.09890078397,3.55200773957
3,10.9094681076,17.3425281385,5.71106207025,3.23158584166
3,10.4294297808,17.4121549256,4.58856978375,2.84426826737
3,10.3280968522,18.940043691,4.67900267889,3.4520665149
3,10.5503708018,16.8161079319,5.34975049595,3.60146281812
3,10.6819193173,18.2147358178,4.83547207218,3.51268975624
3,10.6345422613,16.5715866817,5.39092566809,3.05633055432
3,10.8668611326,18.2314076675,3.84423801013,3.77444411317
3,10.6883308465,19.0983220679,5.14160377234,3.55440218995
3,10.6612685791,18.3209597101,5.01866707594,3.66926137386
3,10.6838279161,18.9333921564,6.0749724588,3.28841689374
3,10.6536983483,16.8414319357,6.48791729385,2.94790132682
3,10.5771823653,19.0849413421,5.47621723289,3.29454986303
3,10.6002152639,18.1130560621,5.18072492888,3.35472280251
3,10.4195464025,16.463614371,5.68714785753,3.13366169419
3,10.394433464,16.9109948919,6.08808525176,3.07891627459
3,10.3859602432,18.5715894032,4.91556141674,3.58075545093
3,10.2170636405,17.4089230799,4.66646054625,3.4658130415
3,10.2922976687,16.4857909799,5.17386045382,3.22048435635
3,10.1765718466,15.865676219,5.89033580648,2.66985490118
3,10.1054264475,16.0985123772,5.42059932855,2.71387538534
3,10.3287991663,16.0201317634,4.30258763728,2.6942875748
3,9.93734201645,15.3663585782,4.41517803948,2.34004288752
3,10.2826333439,16.6843856359,5.48496951063,2.75671402908
3,10.5613151628,16.0884741448,6.07179384588,3.04069458534
3,10.5360136429,15.8022594217,6.36823810184,2.794993222
3,10.3912865396,16.0595397646,5.3176809266,2.87729796345
3,10.4399063567,16.3334024271,5.99848391012,3.26495918762
3,10.5727659575,16.9813842943,6.03218697053,3.16960516223
3,10.3888735998,15.7541616011,5.96875563652,2.54754320882
3,10.1479321586,16.4756424844,5.46508477594,2.68863379926
3,10.3397896998,16.2922064369,4.96719724376,3.340866357
3,10.5273949293,16.012056732,5.57686021236,3.17098186757
3,10.8226481259,16.9007311272,5.69246715617,3.24067927221
3,10.6940666654,17.6399226868,6.44442965061,3.08008749777
3,10.7998315962,16.9750682157,6.04172829907,3.03887321416
3,10.8645333758,17.3566141389,5.94107927772,2.88277593472
3,10.8026675653,17.4665077792,5.76044696984,3.2269238045
3,10.7365965486,16.7561124293,6.54617999851,2.98551986732
3,10.6009310939,17.2506503776,5.83065534858,3.31573727375
3,10.5574763793,17.3433553494,5.40988721598,3.09136136119
3,10.9902412449,18.5053096725,6.09125539088,3.27127846094
3,11.1220273466,17.2112404958,6.08160386449,3.10925101779
3,10.8896410607,17.0398454798,6.06675395044,2.80977406155
3,10.1278213765,16.1056291641,4.74358489149,2.64561557975
3,10.6463898315,18.6894377528,5.66919453339,2.8770418302
3,10.3047585028,18.0541225028,5.22309221393,2.91001213972
3,9.32890092088,16.9307264786,6.14979387336,2.31038573346
2,9.7859020157,9.83676081401,9.74196670306,0.0186072429099
2,9.78568608673,9.81043677818,9.75188937734,0.0140861734392
2,9.78658918664,9.82949475718,9.75136739341,0.0161456188865
2,9.78577211324,9.81984664017,9.75109463266,0.0156015445812
2,9.78687431774,9.83806138776,9.76049492968,0.0147190517991
2,9.78367032487,9.81861371127,9.73208103227,0.0163152697576
2,9.78364645845,9.82822571283,9.72283620659,0.019210215065
2,9.78555671595,9.82930347765,9.75136739341,0.0159935671923
2,9.78587598864,9.82849633151,9.74180194896,0.0181070824238
2,9.78875929284,9.82885092441,9.74398589241,0.0158851675501
2,9.78713931384,9.82866896396,9.74224913218,0.0159864316424
2,9.78490513032,9.82817905332,9.72374172849,0.0175521987947
2,9.78345449019,9.82822571283,9.74369410086,0.0166279491422
2,9.78465719228,9.82930347765,9.73302338732,0.0184656738065
2,9.78708285106,9.83823385237,9.71300660522,0.0191261858684
2,9.78809250076,9.83961812047,9.7423244454,0.0174373813582
2,9.78648579097,9.8197392309,9.74152892038,0.0167992727924
2,9.78602214996,9.84825044686,9.71402634456,0.0228019391974
2,9.78568033106,9.81984664017,9.74304459655,0.0178392778873
2,9.78648496384,9.81928623686,9.7124022656,0.0173557975966
2,9.7871149404,9.84779876433,9.73320713586,0.0197729519493
2,9.78706378876,9.82001942468,9.74196670306,0.0174636881608
2,9.78904942852,9.83868597402,9.74270570812,0.0149306378693
2,9.7857713118,9.82020154541,9.7521527099,0.0144646715855
2,9.7858631063,9.81092757478,9.74333640881,0.0146404210257
2,9.78918495231,9.83805206448,9.75243484337,0.0149852909346
2,9.78646424333,9.82941078242,9.74317167788,0.0169459235802
2,9.78276374947,9.82878560501,9.73257578021,0.018286684045
2,9.78518482151,9.82988197087,9.75109463266,0.0155280859449
2,9.78501847198,9.82001942468,9.73240144327,0.0156845098412
2,9.78472815248,9.82817905332,9.74322815609,0.0166153779308
2,9.78783079691,9.83851351734,9.7515319859,0.0144935275988
2,9.7839942143,9.8197392309,9.74333640881,0.0161853391997
2,9.78425855714,9.81968319274,9.74381175962,0.0147812448941
2,9.78354613865,9.81938431008,9.7515319859,0.017019935385
2,9.78641892349,9.83865800941,9.7327595372,0.0207824132649
2,9.78725683851,9.83961812047,9.75170598083,0.0179539437759
2,9.78403885998,9.81968319274,9.74333640881,0.0149885836901
2,9.78376187066,9.82031828752,9.74287044693,0.0152216707697
2,9.78672181557,9.82048172421,9.75197872294,0.0147958038751
2,9.77970150644,9.81955710159,9.71512149943,0.018495734905
2,9.78318684545,9.82976534234,9.74255038023,0.0160563026187
2,9.78360665646,9.8286316375,9.73340030385,0.0190158340207
2,9.78554549352,9.82039300221,9.75093003279,0.0165275073741
2,9.7852685834,9.81984664017,9.75164484672,0.0155556516759
2,9.78429727969,9.81092757478,9.74398589241,0.0154631407047
2,9.78354933802,9.83835038002,9.75197872294,0.0156591291435
2,9.7844788272,9.82930347765,9.74369410086,0.0173187912172
2,9.78521057239,9.82001942468,9.75170598083,0.0165445914672
2,9.7869248791,9.82988197087,9.75243484337,0.0153938532423
2,9.78368816584,9.82930347765,9.73268414996,0.0174305108013
2,9.7832892282,9.83789824295,9.72374172849,0.0200559892176
2,9.78553191293,9.82031828752,9.74398589241,0.0159764915605
2,9.78231942255,9.81063777423,9.7515319859,0.0146889800414
2,9.78567163714,9.82894890107,9.73268414996,0.0164377338487
2,9.7873122218,9.82930347765,9.75106641679,0.0172654990346
2,9.7858177134,9.82031828752,9.73385729485,0.0165120366948
2,9.78578820509,9.83823385237,9.72374172849,0.0195328156935
2,9.78555781524,9.82976534234,9.75279220173,0.0163553797134
2,9.78627534008,9.82894890107,9.74479062631,0.0151890657113
2,9.78442253392,9.84871142301,9.7339468074,0.0171873436383
2,9.78478945601,9.82049106372,9.74214086883,0.0167633686905
2,9.78476177059,9.82866896396,9.75260882219,0.0147978501868
2,9.7856496939,9.83976259486,9.7339468074,0.0175634341531
2,9.78417654418,9.83860673829,9.7515319859,0.0145509463436
2,9.78609065824,9.81955710159,9.7527357789,0.0150934266007
2,9.7852491471,9.82904221274,9.72468489276,0.0171715679215
2,9.78469427562,9.82039300221,9.7515319859,0.0166785158394
2,9.78268348737,9.82031828752,9.73424831285,0.0165535672325
2,9.784300759,9.82930347765,9.75197872294,0.0165391222645
2,9.78405198438,9.82941078242,9.74241387872,0.0197590058539
2,9.78260486683,9.82020154541,9.7435105501,0.0149014594153
2,9.78375834891,9.84955415957,9.74398589241,0.0187694587871
2,9.78520832926,9.81928623686,9.75197872294,0.0143753656308
2,9.78487341103,9.82988197087,9.74270570812,0.0167102376943
2,9.78350918625,9.83914739827,9.7515319859,0.0177133406909
2,9.78319101425,9.82097201882,9.73302338732,0.0154175751664
2,9.78511489557,9.82866896396,9.74317167788,0.0161150439116
2,9.78177867928,9.8284076815,9.73257578021,0.0158856420113
2,9.78494140522,9.82031828752,9.76137816857,0.0151015928665
2,9.78649446794,9.82958339881,9.73208103227,0.0184543207273
2,9.78278444532,9.81968319274,9.74333640881,0.0143995260632
2,9.78422456697,9.82866896396,9.74196670306,0.0172663402831
2,9.78241491065,9.81092757478,9.74209379702,0.0164539424372
2,9.78792165877,9.82001942468,9.75243484337,0.0148843653523
2,9.78138136321,9.82031828752,9.73348039602,0.0167901832842
2,9.78401184055,9.82894890107,9.74209379702,0.014911157523
2,9.78444088806,9.82086462332,9.74398589241,0.0146864711579
2,9.78296172438,9.82049106372,9.75165895519,0.0153090598855
2,9.78340592769,9.82049106372,9.74287044693,0.0173823887283
2,9.7820300752,9.81140899868,9.75197872294,0.0133071276221
2,9.7839821061,9.81947771151,9.74196670306,0.0165428522345
2,9.78544144076,9.84966124225,9.71417740663,0.0182494361838
2,9.78356069771,9.81968319274,9.73257578021,0.0183412103739
2,9.78181339295,9.81968319274,9.73348039602,0.0154739922752
2,9.78221746442,9.81045547596,9.7341305385,0.0141609248016
2,9.78360717253,9.81893129854,9.75136739341,0.0144253810779
2,9.78356003978,9.8297186903,9.73360760222,0.0170468331329
2,9.78262788592,9.82878560501,9.72391622069,0.0164806989638
2,9.78617993319,9.82866896396,9.74270570812,0.0167511253015
2,9.78528362248,9.97561726493,9.66512364386,0.0282822031128
2,9.78468277971,9.82097201882,9.74333640881,0.016918677457
2,9.78292003263,9.82894890107,9.74277160464,0.0162388253178
2,9.78331611427,9.82115412189,9.7521527099,0.0143432395393
2,9.78705812094,9.81955710159,9.74317167788,0.015730315321
2,9.78521752808,9.86783854933,9.73366413592,0.0192675113194
2,9.78381085264,9.82958339881,9.7435105501,0.0152827611639
2,9.78283154989,9.81140899868,9.75227026612,0.0148840230897
2,9.78248860802,9.82059379437,9.74241387872,0.0161723174171
2,9.7843508393,9.82039300221,9.73298569406,0.0167076768683
2,9.78190478962,9.83005457898,9.74317167788,0.0161099392125
2,9.78353492444,9.82866896396,9.73330607528,0.0174485230356
2,9.78738887088,9.83102485855,9.7435105501,0.0168021352985
2,9.78380536534,9.81955710159,9.74317167788,0.0165540031867
2,9.78516995967,9.8307169921,9.75196931736,0.0179837768572
2,9.78669278443,9.82930347765,9.75170598083,0.0157517340147
2,9.78282223774,9.82001942468,9.74255038023,0.0151827482995
2,9.78320989116,9.82866896396,9.74196670306,0.0158634975345
2,9.7849065937,9.82976534234,9.74209379702,0.0190928953637
2,9.78095735125,9.81984664017,9.74277160464,0.0190156750937
2,9.78211943897,9.82086462332,9.73366413592,0.0167317935356
2,9.78452511873,9.81140899868,9.72500554728,0.0167584670195
2,9.78522558266,9.82001942468,9.74258803649,0.0173174975611
2,9.78466364956,9.82097201882,9.73240144327,0.0173675684219
2,9.78345465516,9.82015484793,9.73460633884,0.0159415305867
2,9.7832845811,9.82001942468,9.7521527099,0.0160190574417
2,9.78495990581,9.82958339881,9.73456865235,0.0163246140469
2,9.78273540799,9.82941078242,9.73302338732,0.0163481224179
2,9.78576423258,9.83023651379,9.7435105501,0.0168950246321
2,9.78353757826,9.82949475718,9.73392796264,0.0192569512166
2,9.78274324429,9.81140899868,9.7435105501,0.0147332238453
2,9.78522977314,9.82924749402,9.74214086883,0.0168885144685
2,9.78142680516,9.83868597402,9.72456700259,0.0181865344235
2,9.78497306914,9.83979987845,9.73360760222,0.0170319266958
2,9.78502750578,9.82958339881,9.75227026612,0.0160774412838
2,9.78421021449,9.8206731757,9.7435105501,0.0165172816106
2,9.78460047526,9.82079925108,9.7339468074,0.0177825776994
2,9.7833720157,9.82001942468,9.7521527099,0.0157488852676
2,9.78759963637,9.82049106372,9.75227026612,0.014576329316
2,9.78703666167,9.82941078242,9.75227026612,0.0164724168244
2,9.78335972409,9.82039300221,9.74258803649,0.0158788337082
2,9.78289493996,9.82086462332,9.72485936804,0.0178022603279
2,9.78524244213,9.82976534234,9.75252888712,0.015862526728
2,9.78162572288,9.85873497995,9.72328426206,0.0231777318222
2,9.78250424803,9.82001942468,9.74196670306,0.0178815129155
2,9.78321059547,9.82097201882,9.74317167788,0.0156615789151
2,9.78371564489,9.81993069672,9.74322815609,0.0164643543946
2,9.78272849139,9.8206358195,9.74258803649,0.0155032660521
2,9.78404876057,9.82924749402,9.74317167788,0.0162204995049
2,9.78635085532,9.82162570571,9.7532106716,0.0157909235976
2,9.78339872937,9.82229802792,9.74255038023,0.0171541623426
2,9.78472175119,9.8206731757,9.7339468074,0.0161760340313
2,9.78420357635,9.83005457898,9.74364703672,0.015686258619
2,9.78379795445,9.81984664017,9.73385729485,0.0161094955967
2,9.78486762477,9.85732548321,9.73298569406,0.0177895650369
2,9.78321739333,9.81938430895,9.7328490584,0.0149368561903
2,9.781179989,9.81955710159,9.74241387872,0.0161379301919
2,9.78474189825,9.8206731757,9.74369410086,0.0170979360924
2,9.7838905367,9.83023651379,9.74255038023,0.0163870978861
2,9.78354775712,9.82031828752,9.7435105501,0.0170603302183
2,9.78515593812,9.82020154541,9.74333640881,0.0152669472793
2,9.78312345431,9.82049106372,9.73456865235,0.0162827173526
2,9.78488121379,9.83090824412,9.73392796264,0.0173750465866
2,9.78198319219,9.81984664017,9.74381175962,0.0147573271619
2,9.78387653508,9.8297186903,9.74479062631,0.016144652038
2,9.78436706171,9.82001942468,9.73424831285,0.0159792442973
2,9.78677183342,9.83005457898,9.73408342812,0.0166234597299
2,9.78407572188,9.81984664017,9.72438309079,0.0166113633459
2,9.78567299962,9.83976259486,9.74416943422,0.014995345907
2,9.78380622312,9.81063777423,9.73528466762,0.0148803657956
2,9.78429364423,9.82049106372,9.74364703672,0.0169648905592
2,9.78284080712,9.83005457898,9.74214086883,0.0175700476884
2,9.78213666324,9.82031828752,9.74304459655,0.0144614194239
2,9.7824220186,9.82031828752,9.75279220173,0.0153187016537
2,9.78442655485,9.82164438206,9.7435105501,0.0157681368875
2,9.78362601544,9.82988197087,9.73348039602,0.0166075465087
2,9.78478847893,9.83135137338,9.73360760222,0.0190119522271
2,9.783145381,9.82146228809,9.75260882219,0.0161503794978
2,9.78587647047,9.83019919392,9.74322815609,0.0178010200303
2,9.78511280786,9.83952024958,9.74381175962,0.0170765177813
2,9.78383396071,9.82930347765,9.73456865235,0.0172004169754
2,9.7868631265,9.8307169921,9.75290034829,0.0160590216658
2,9.78226147349,9.82049106372,9.73509153701,0.0175318773765
2,9.78378056377,9.82049106372,9.74416943422,0.0153355564223
2,9.78423658242,9.82128952897,9.74258803649,0.0175072786027
2,9.78216352158,9.8206358195,9.74304459655,0.01622981364
2,9.78328926777,9.82924749402,9.74322815609,0.0159059446518
2,9.78388444053,9.83944568012,9.7527357789,0.0149373537449
2,9.7841376679,9.82049106372,9.72572226659,0.0170491466742
2,9.78404629207,9.83868597402,9.72451984587,0.0167693565409
2,9.78336714689,9.82115412189,9.73314117458,0.0158376609315
2,9.78090247256,9.82015484793,9.75260882219,0.0163984859802
2,9.78599660258,9.8312067754,9.75307431882,0.0170907720664
2,9.78453103364,9.83053506619,9.74381175962,0.017310859285
2,9.78322567474,9.82031828752,9.74398589241,0.013977326453
2,9.78235801916,9.81159127923,9.75260882219,0.0135603644342
2,9.78473292982,9.83023651379,9.74369410086,0.0171089624218
2,9.78528877963,9.82031828752,9.74364703672,0.0149536601553
2,9.782286731,9.8307169921,9.73408342812,0.0169129261026
2,9.78335086818,9.83928255826,9.75307431882,0.0154602164869
2,9.78489342792,9.81178290405,9.74381175962,0.0140741832119
2,9.78071569562,9.8197392309,9.74364703672,0.015347754879
2,9.78264133085,9.81123606253,9.73432368817,0.0151254035828
2,9.78493900812,9.82086462332,9.75260882219,0.0172323461605
2,9.78514327826,9.82031828752,9.74381175962,0.0154700563784
2,9.78403975893,9.82079925108,9.74333640881,0.0153517335731
2,9.78300638095,9.82031828752,9.73385729485,0.0181060084637
2,9.7824972552,9.8206731757,9.7339468074,0.0181893405644
2,9.78496989093,9.82086462332,9.74369410086,0.015562211787
2,9.78323362298,9.82976534234,9.74287044693,0.0168552969805
2,9.78331347406,9.88696677449,9.7055591315,0.0218528247548
2,9.78223447307,9.8297186903,9.73360760222,0.0150829729492
2,9.78297605047,9.82031828752,9.75109463266,0.0156194174443
2,9.78366353235,9.8307169921,9.74287044693,0.0172563458134
2,9.78273263834,9.81984664017,9.75227026612,0.0150724548424
2,9.78117907615,9.82097201796,9.74364703672,0.0165426576235
2,9.7859089157,9.82086462332,9.75227026612,0.0162586875783
2,9.78395730968,9.82146228809,9.74364703672,0.0167205811964
2,9.78293419466,9.82941078242,9.74388706096,0.0155250727853
2,9.78444142846,9.82912152557,9.74479062631,0.0160731860629
2,9.78254860223,9.82183581075,9.73268414996,0.018418196237
2,9.78227737597,9.83005457898,9.74398589241,0.0167115718398
2,9.78112600708,9.82128952897,9.74287044693,0.0167344783685
2,9.78436601206,9.83897494968,9.73473352887,0.0172299650151
2,9.78236224451,9.83881182002,9.74333640881,0.0189254238463
2,9.78374142839,9.82097201882,9.75243484337,0.0147488617976
2,9.78311004621,9.82097201882,9.74398589241,0.0161464354082
2,9.78485394556,9.83085226747,9.75227026612,0.0169226288088
2,9.78264431048,9.82020154541,9.72552894609,0.0167125204852
2,9.78189247085,9.81984664017,9.73590642655,0.0150440131638
2,9.78197169994,9.82958339881,9.73424831285,0.0163633500931
2,9.78135520902,9.82958339881,9.74304459655,0.0168018520517
2,9.77947289597,9.82164438206,9.7341305385,0.0178340758072
2,9.78284717156,9.83068900302,9.73424831285,0.0180621222515
2,9.78109165002,9.81159127923,9.74369410086,0.0146443763314
2,9.78181811752,9.83118811722,9.74398589241,0.0161245765757
2,9.78281779958,9.83042777516,9.7521527099,0.014166528534
2,9.78107426429,9.83023651379,9.73490782405,0.0169749352995
2,9.78518566948,9.83036246651,9.75305551102,0.014900297408
2,9.78153954976,9.82020154541,9.74447062355,0.0139278502184
2,9.78278647236,9.82233537481,9.74398589241,0.016690434829
2,9.78489899107,9.82079925108,9.74333640881,0.0155510213759
2,9.78368929688,9.82164438206,9.75354919503,0.0148539188609
2,9.78153363861,9.83203235892,9.74287044693,0.017071829009
2,9.78367995211,9.82924749402,9.73377249501,0.0176722861805
2,9.78035398985,9.83053506619,9.75307431882,0.0149326005568
2,9.78428381203,9.83053506619,9.7435105501,0.0181000418763
2,9.78134122805,9.81922085382,9.74333640881,0.0152256562854
2,9.78063534336,9.8113014985,9.74317167788,0.0153693725844
2,9.78137247391,9.82115412189,9.73558613109,0.0175266083282
2,9.78304729096,9.81993069672,9.74514826498,0.0151202838999
2,9.77982726019,9.82079925108,9.73528466762,0.0160110189677
2,9.78301919349,9.82079925108,9.73442261672,0.0155899794016
2,9.78339690731,9.82128952897,9.74381175962,0.0160161446991
2,9.78423313209,9.82031828752,9.73298569406,0.0163696275647
2,9.7817548469,9.82079925108,9.75273107649,0.0157420820623
2,9.77999695226,9.82203657341,9.724043552,0.0182636506533
2,9.78263661916,9.83036246651,9.7339468074,0.0183593579859
2,9.78129680012,9.83932916495,9.73442261672,0.0174523462788
2,9.78305049474,9.87787154859,9.73330607528,0.0196921983996
2,9.7813667474,9.81028252301,9.7435105501,0.0145454494041
2,9.78223673522,9.83865800941,9.75243484337,0.0157006948745
2,9.78275649934,9.83868597402,9.72519887714,0.0196602313645
2,9.78476849194,9.8515280248,9.73573214925,0.0173928265919
1,9.81210676178,10.874197438,8.75923972239,0.356214808727
1,9.83947336191,12.8207973894,7.79844982576,0.843655749875
1,9.78094077124,10.607587643,8.92536889881,0.291833989898
1,9.7939800131,10.8291830612,8.94534245805,0.27914873661
1,9.81719209569,11.7028501511,8.57659047881,0.593675345554
1,9.79132289087,11.874251917,7.87815635749,0.793082066142
1,9.79847145202,12.9621646398,8.31386546951,0.787875018665
1,9.75400175677,11.0127453591,8.39464872387,0.523259879709
1,9.82938453891,11.0492782713,9.02758212532,0.397165281528
1,9.827047335,11.2122202485,8.3379071375,0.4752579335
1,9.79910630318,10.8886606789,8.53707217272,0.446957538367
1,9.85373051931,11.5555439733,8.58399258494,0.521555995988
1,9.83228802782,11.5355252033,8.38932643091,0.596156292662
1,9.79442871501,10.8173077886,9.13855798828,0.329264556158
1,9.77338960699,12.3051680662,8.41664013193,0.567029044242
1,9.80654687526,11.1899610545,8.98358615452,0.364294484554
1,9.75816807273,12.2175208178,8.16023751432,0.541997941957
1,9.79212899529,12.4052325354,8.09665631501,0.810012666935
1,9.85964655109,12.4183560387,6.51221442441,0.608202965626
1,9.85969857801,11.818579067,8.81919381677,0.48708590025
1,9.80949719506,12.6374268409,7.59327861264,0.815588890846
1,9.8117609192,11.8567405133,8.14279815287,0.499936569005
1,9.81046599918,11.2783520118,8.17725269101,0.424113233959
1,9.81210076592,11.6648103656,7.77312877445,0.549778440283
1,9.79466211654,11.922524291,6.77919568568,0.675949902752
1,9.82647691675,10.6210455332,8.78604046908,0.3031308572
1,9.79026782377,10.5470428698,9.15080235384,0.240784326789
1,9.79751221708,10.1054732288,9.53045786641,0.132737376367
1,9.80698311489,10.6303249906,9.18344848928,0.327103766263
1,9.82791980668,12.2349508613,6.03908599449,0.522485430459
1,9.79775186315,10.3215857903,9.39624851554,0.182887882665
1,9.81601435957,10.2758027797,9.36679298167,0.203230266429
1,9.80716176902,10.320994549,9.46254436989,0.203985894088
1,9.81541062545,10.3183153544,9.45523882632,0.228252431185
1,9.81249137568,10.3595825417,9.28372506251,0.209087950103
1,9.79907298624,10.8049556381,8.35863227527,0.406330825045
1,9.82133103076,10.4967964661,8.75425951582,0.362410713604
1,9.80381136749,10.9775022064,8.88893822829,0.379310838526
1,9.82511005714,10.4820194631,9.33809372202,0.191956092665
1,9.80107817477,10.2663018123,9.35647158741,0.177070209314
1,9.81590516073,10.7945565871,9.22047001493,0.246085486843
1,9.80899801752,10.4644224775,9.40806157529,0.202906487995
1,9.80463075568,10.3614899776,9.34583527118,0.142831812391
1,9.78298398138,10.2029407775,9.27495317387,0.184213007438
1,9.79207821436,10.2005272215,9.44058000395,0.124945315396
1,9.78769790262,10.1486503613,9.45739605087,0.147571013537
1,9.80229016929,10.3772908447,9.39207446388,0.174093479436
1,9.79575202338,10.1823533541,9.35557984269,0.173979167753
1,9.78923612539,10.0896371765,9.1159170164,0.14788992299
1,9.79564295039,10.3467150007,9.34306714236,0.188263889197
1,9.79648669991,10.2586605189,9.31357178773,0.182811637927
1,9.79347782465,10.0152976187,9.57636129955,0.0993383419326
1,9.80338027597,10.1493323913,9.50998639807,0.114034234567
1,9.79008191219,10.2701952845,9.37354136179,0.199054782984
1,9.80013665791,10.2897025173,9.35998483371,0.18652927504
1,9.80500800956,10.3383034232,9.36132232604,0.171274645501
1,9.80193732798,10.032202072,9.61344535808,0.0939561698862
1,9.8005319764,10.3654326293,9.51463381665,0.123200002223
1,9.80371095451,10.1270141973,9.52382062361,0.106462276902
1,9.80009064394,10.1258549952,9.51899487074,0.112560014882
1,9.80111408436,10.6601559432,9.27544244402,0.200038351507
1,9.80541732431,11.6129353225,8.70618639308,0.40328657882
1,9.78848087861,10.8614034362,8.85224931627,0.316652291539
1,9.78080435587,10.1938122019,9.4430333191,0.167413402785
1,9.79241395815,10.4085966265,9.07846424166,0.236508447203
1,9.79682114636,10.2059338962,9.28463371007,0.244193591492
1,9.78642184839,10.2671231973,9.33013398385,0.212527272879
1,9.79694474563,10.6105057423,9.17729451295,0.276330372803
1,9.80551049853,10.3780516157,9.27272882972,0.200361867953
1,9.79658522185,10.2916418113,9.3493234551,0.199350773387
1,9.80605236112,10.953832229,8.79674936823,0.357179367849
1,9.73453007941,10.2533613891,8.84608762325,0.320321108567
1,9.75894811542,11.4669861424,8.90795419737,0.391428158165
1,9.79321509648,11.7899558376,7.07727974107,0.785526292559
1,9.83783087794,11.059038585,9.35646113718,0.291994617305
1,9.8081531828,10.0601746423,9.54415222809,0.11177710245
1,9.8043985248,10.089164712,9.45476707846,0.136281695458
1,9.80045169443,10.0741818906,9.30218076672,0.150520610001
1,9.79983209891,10.1349089149,9.54186864408,0.106919766856
1,9.79968694654,10.0517149941,9.4461838709,0.112662979108
1,9.79048908211,10.355734419,9.0931463908,0.235748093316
1,9.83575666759,10.4448279315,9.41006433164,0.198286851741
1,9.79528780873,10.0607624778,9.43762564907,0.138373384297
1,9.79477083033,10.2288630807,9.21532677198,0.137456177502
1,9.81256235574,11.2334187183,8.7767710539,0.295982161633
1,9.79648174447,10.0913963484,9.47060992659,0.129106033222
1,9.80507927589,10.2107135401,9.51103760131,0.155061331311
1,9.80003244888,10.3795884679,9.08122169687,0.192193787886
1,9.80107997651,10.1779205859,9.25924649795,0.156459893719
1,9.80589842428,10.0215602737,9.56009510776,0.0983107314573
1,9.80530019393,10.753610552,9.06990833194,0.224407450703
1,9.81860537709,10.1870085554,9.42051151121,0.138160409645
1,9.8104080906,10.451741,9.30300416115,0.162712343048
1,9.80127869922,10.3411118951,9.44670313121,0.203651047888
1,9.83609685286,10.4917272266,9.53177592027,0.184344811156
1,9.82127571167,10.0917965844,9.50253791795,0.10256606743
1,9.81839468703,10.2021275176,9.4932050686,0.146196858579
1,9.82429860507,10.0930412058,9.57735259256,0.115704418549
1,9.81933157895,10.1070661169,9.55910198215,0.104192625244
1,9.81878048943,10.9398658168,8.77659362616,0.462763021849
1,9.81753282223,10.9189415535,8.56495851015,0.411064854527
1,9.80896695448,10.5353449619,9.15164488078,0.314595652446
1,9.8352396328,10.2550831894,9.33029235454,0.166963816231
1,9.82724756609,10.0896600632,9.39840511775,0.113964912167
1,9.82566003708,10.343562474,9.29517808604,0.135192460866
1,9.83183301499,10.0793743065,9.41981591406,0.114662450907
1,9.83618186562,10.0251374293,9.66328288737,0.0781809365221
1,9.84138413441,10.2348286729,9.42377743738,0.121988653817
1,9.84504423151,10.2179860106,9.50650909297,0.127533865368
1,9.83015378496,10.1310530109,9.58404893994,0.106015707705
1,9.84777467364,10.0082396438,9.65562968074,0.0756211221225
1,9.84530806554,10.23315742,9.57846845506,0.0935793542552
1,9.8542622309,10.3959404179,9.43246436721,0.142092157705
1,9.84964096511,10.0728433407,9.63918333449,0.0769403565235
1,9.85043943254,10.0193815349,9.67318174885,0.0746916674383
1,9.84562124353,10.0552367219,9.59168723662,0.0914751797311
1,9.8523948392,10.0205297181,9.63279205783,0.0914645304022
1,9.83832547369,10.1832758133,9.59611781197,0.109895079199
1,9.84712983363,10.181600511,9.58374756612,0.123746761587
1,9.84227525742,10.1777985983,9.471829583,0.121474292719
1,9.84727111944,10.0556700919,9.69124564642,0.0745323128363
1,9.78604618611,11.0962132984,8.50144862346,0.431769935595
1,9.83097338713,11.4098354601,8.71666738999,0.521238828296
1,9.79945753975,10.172737239,9.27977284508,0.169376187447
1,9.78932635443,10.2682216663,9.08646194582,0.236645861823
1,9.71908486544,10.6765977368,8.03503754893,0.49245532417
1,9.95071071321,11.9759146716,7.90182327558,0.652255416153
1,9.89013140232,10.6446066612,9.38726881822,0.235383492903
1,9.87911634144,10.0570378566,9.74126994295,0.0616663131158
1,9.88443578118,10.020214394,9.70783104574,0.0611791362687
1,9.8768159927,10.0586107999,9.68878013021,0.0770860757286
1,9.88278905853,10.0420935173,9.68487945199,0.0717363302027
1,9.87436088416,10.1430728909,9.6098186112,0.105461621671
1,9.87483990242,10.0789420537,9.67363184041,0.0697007358819
1,9.89478444654,10.225123838,9.68623812959,0.0859748755735
1,9.88951239875,10.0492468025,9.67981166973,0.0786580549084
1,9.88937419001,10.4457196233,9.22888711637,0.229902862556
1,9.88816212783,10.5418024837,9.09623753084,0.320494555193
1,9.92555912298,11.441462938,8.50415044795,0.520261028666
1,9.79412447114,12.4255334316,8.03803933775,0.823850474487
1,9.78232905046,10.6121172216,8.60273933569,0.369272558781
1,9.80583029257,11.6109886479,8.52986558059,0.476774010287
1,9.78949975345,10.6179884868,9.01744740449,0.344881560228
1,9.80171546227,10.9548498894,8.92201215246,0.40661433924
1,9.82632020826,10.7881485466,9.09539011226,0.382364889995
1,9.80391804469,10.6600183424,9.2171530999,0.267072320805
1,9.82193525517,10.2565141326,9.1373427564,0.214407882058
1,9.83968334554,10.5014088219,8.88523829753,0.351477954191
1,9.82964433315,10.4565929259,9.24826036218,0.174345961835
1,9.83656970187,10.7804179151,8.23438308056,0.406681519056
1,9.69735251984,10.7043082999,8.83358545161,0.364257245643
1,9.7280838951,10.4306592052,8.79656669889,0.304773608031
1,9.72889586232,11.938968349,8.16877482826,0.59305094467
1,9.78051657359,10.2789559955,9.28038057966,0.191881850717
1,9.74964356753,10.6200957454,9.15929817387,0.262837666118
1,9.81828712941,13.2197436547,6.32724773003,1.34063561811
1,9.8476054608,11.3161593766,8.6320664202,0.611663316013
1,9.80433736107,10.8683380508,8.60141209297,0.544751016221
1,9.83139248883,10.4602802186,9.04762977892,0.217529256899
1,9.82085994578,10.9924936717,8.50034827835,0.379128416783
1,9.81800999735,10.2732757279,9.49442183291,0.142719016035
1,9.81574091284,10.0956670818,9.50765168474,0.100144518183
1,9.81887987068,10.2045854698,9.47332110751,0.153334694984
1,9.83850673011,11.1264280206,8.48406687627,0.34472318256
1,9.78302097918,10.6352325712,9.00084314667,0.356194569959
1,9.80792976554,10.2348155549,9.25663623924,0.252334424725
1,9.79293662837,10.8426118315,8.9683356669,0.279221000873
1,9.82152511199,10.482898274,9.19600887353,0.216785460483
1,9.7867916749,10.5187046873,9.0036753914,0.255098097859
1,9.80494674375,10.7336185352,9.01470577179,0.243131367508
1,9.80594169266,10.307077638,8.92469510938,0.190564714062
1,9.80117916077,10.4875692085,9.16782579602,0.208844085218
1,9.8010963259,10.251214201,9.39398835756,0.164057659344
1,9.80292996445,10.0714589153,9.54611159422,0.118093171824
1,9.80829539799,10.3292641877,9.37092383972,0.187846136478
1,9.82248737927,10.5996222308,9.05089322152,0.22020367712
1,9.82280318585,10.1621475117,9.42503282974,0.142904738969
1,9.8235522561,10.0246845742,9.58430262976,0.0932750804635
1,9.84109596011,10.7884460285,9.15525222052,0.288115645423
1,9.76421062627,10.1241660733,9.41222738788,0.157321854254
1,9.78611659217,10.0280510292,9.57357893642,0.0850758100768
1,9.77675866091,10.2562682573,9.27970329161,0.145272164304
1,9.78623538408,9.96195550535,9.49959815986,0.0848399686696
1,9.78118279886,10.301145302,9.28388320012,0.167879990904
1,9.78171308314,10.363542936,9.1389887916,0.16327212446
1,9.79161646356,10.0623167384,9.53788872083,0.106067695521
1,9.78896091067,10.2231863996,9.30211687087,0.15972698493
1,9.7807611601,9.94928366312,9.53316645705,0.0969714644319
1,9.78664714801,10.0192854354,9.48895300238,0.102205394664
1,9.78052322089,10.4172635572,9.26675195398,0.165714093891
1,9.79409229318,10.1349995476,9.45512154795,0.126929722237
1,9.78353830028,10.6181309229,9.02485860921,0.200794637914
1,9.78680463702,10.4914383257,8.65216683439,0.284607021612
1,9.7566533162,11.4250501621,8.74056641215,0.572614231604
1,9.76837693691,10.5172222683,8.9964351918,0.3249001829
1,9.74988203036,10.244430358,9.0781764692,0.234644212241
1,9.75084355221,10.1979326649,9.25649317792,0.235691156011
1,9.77886535687,10.4949307322,9.0568696029,0.324883546307
1,9.7735006744,10.9718319758,8.50227927851,0.412219961843
1,9.80649117085,10.8157941306,8.85685310133,0.347792786101
1,9.7267128936,11.2438766826,8.56396826429,0.49743540166
1,9.75841723977,10.8726914579,9.05895058399,0.418561140783
1,9.80450755862,10.8724512814,7.96414414273,0.425975199839
1,9.77358904173,11.3647079672,8.82219886003,0.398471340494
1,9.78772354743,10.612769658,8.87821621573,0.376315457291
1,9.74770215945,10.8091609318,8.72137980687,0.411125191093
1,9.73033327191,10.3178170444,9.05413514303,0.25247480349
1,9.68546603864,10.2152931305,9.24056687282,0.149077704633
1,9.69998030789,10.4514250604,9.24128085964,0.21179684445
1,9.68519228591,10.3454469857,9.13684583367,0.304042956677
1,9.69638921063,10.381412912,9.3002631058,0.312961056801
1,9.70156787858,10.2201219399,9.26710856231,0.229849165379
1,9.76362564131,10.4973203959,8.97498040876,0.336740116902
1,9.74195003625,10.3728620945,9.29024320733,0.319357981563
1,9.7085760519,10.6854982176,8.83809065736,0.327366434458
1,9.74575218316,10.4984605222,9.19693107994,0.31082250304
1,9.76866330104,10.8133389317,9.01977598735,0.363477465406
1,9.71747116296,10.4689569923,9.06808781309,0.295437881016
1,9.67555887064,10.2799834907,9.14808115797,0.288010009518
1,9.69837084185,10.498407961,9.1104832932,0.327079405182
1,9.70539101415,10.9788970331,8.87894967932,0.368447652128
1,9.72729470925,10.3106812927,9.1618511986,0.289465622411
1,9.7717163229,10.4211013723,9.04729496473,0.333200565485
1,9.7609339293,10.7145851464,9.03205091698,0.303316410714
1,9.74047829092,10.6392545539,9.09667068059,0.245569988645
1,9.76635870368,10.3769240529,9.25473437735,0.243943417173
1,9.73241895304,10.2322030735,8.82915184926,0.26738925361
1,9.7358715844,10.8169768504,9.22560701511,0.266553339256
1,9.72625123649,10.2992492261,8.84943558646,0.320376542008
1,9.69849149063,10.2361593852,8.90386036926,0.306890505858
1,9.76713898981,10.4651406259,9.05596335658,0.328812899108
1,9.74641442031,10.6665939517,9.02636255806,0.314539794846
1,9.72697176491,10.417936833,9.06167347254,0.275628714186
1,9.75317431699,10.3297569333,9.05621163486,0.291809807765
1,9.74981199301,10.8251517012,9.30875949322,0.267209405026
1,9.76171475128,11.2486149755,8.43786238357,0.383240090027
1,9.73603198575,11.8377125891,7.31847280771,0.663613944978
1,9.75917687625,10.4483138735,9.1034185746,0.309311857697
1,9.75922862442,10.4650529776,9.19589879924,0.302904213599
1,9.7762222514,10.4937069126,9.21946082006,0.324609419121
1,9.77654369627,12.3008184316,8.00076137514,0.529856863316
1,9.77265061247,10.5313048153,9.22763974161,0.319265566347
1,9.78950253012,10.5361371867,9.14867806408,0.360334602549
1,9.76992442753,10.8429837589,8.90898377796,0.366354754411
1,9.75659089246,10.3644326508,9.2235887543,0.273308547965
1,9.79042941646,10.6332533876,8.87505973389,0.353814157872
1,9.80168645092,10.3225626465,9.22583053677,0.273703113347
1,9.78749267353,10.4792892978,9.21456041627,0.297822834042
1,9.75201337437,10.487407896,9.17406600972,0.338662189591
1,9.77000322329,10.5665170344,9.01027398437,0.377352191914
1,9.80404558302,10.4157538508,9.24293836607,0.277021742399
