-2.0111294,3.0262709,8.207323,01-20 09:40:00:544
-1.8579005,2.9975405,8.111555,01-20 09:40:00:565
-1.9249382,2.7389667,8.322245,01-20 09:40:00:583
-2.0015526,2.336741,8.695741,01-20 09:40:00:603
-1.9440918,2.1452048,9.040505,01-20 09:40:00:623
-1.5993267,2.2505496,9.3661175,01-20 09:40:00:648
-0.93852705,2.4229321,9.32781,01-20 09:40:00:666
-0.61291564,2.4708161,9.423578,01-20 09:40:00:683
-1.091756,1.7238252,9.682152,01-20 09:40:00:703
-1.1013328,2.1068976,9.77792,01-20 09:40:00:723
-0.79487497,2.3654714,9.988609,01-20 09:40:00:747
-0.6607997,2.087744,9.911995,01-20 09:40:00:766
-0.6607997,1.8387469,9.605537,01-20 09:40:00:783
-0.45968673,1.9057846,9.136273,01-20 09:40:00:804
-0.2873042,1.6759412,9.050082,01-20 09:40:00:824
-0.095768064,1.091756,9.701305,01-20 09:40:00:843
0.038307227,0.5746084,10.477027,01-20 09:40:00:863
0.019153614,0.22984336,10.831368,01-20 09:40:00:883
-0.16280572,0.10534488,10.716447,01-20 09:40:00:903
-0.35434186,0.21068975,10.496181,01-20 09:40:00:924
-0.32561144,0.31603462,10.28549,01-20 09:40:00:943
-0.12449849,0.2681506,10.25676,01-20 09:40:00:963
0.25857377,0.33518824,10.228029,01-20 09:40:00:983
0.59376204,0.5650316,10.160992,01-20 09:40:01:003
0.6512229,0.81402856,9.902418,01-20 09:40:01:024
0.29688102,0.7374141,9.557653,01-20 09:40:01:043
0.45968673,0.90021986,9.279925,01-20 09:40:01:063
0.6607997,0.9959879,9.251195,01-20 09:40:01:083
0.6799533,0.94810385,9.260772,01-20 09:40:01:103
0.45010993,0.7278373,9.260772,01-20 09:40:01:123
0.25857377,0.7661445,9.519346,01-20 09:40:01:143
0.25857377,0.6703765,9.653421,01-20 09:40:01:163
0.2873042,0.641646,9.768343,01-20 09:40:01:185
0.2777274,0.7086837,9.873688,01-20 09:40:01:203
0.39264908,0.7182605,10.065224,01-20 09:40:01:223
0.5267244,0.63206923,10.275913,01-20 09:40:01:243
0.62249243,0.58418524,10.314221,01-20 09:40:01:263
0.6895301,0.63206923,10.160992,01-20 09:40:01:283
0.6607997,0.58418524,9.969456,01-20 09:40:01:303
0.48841715,0.5267244,9.940725,01-20 09:40:01:323
0.45968673,0.40222588,9.835381,01-20 09:40:01:343
0.45968673,0.4405331,9.749189,01-20 09:40:01:363
0.4405331,0.36391866,9.643845,01-20 09:40:01:383
0.4213795,0.38307226,9.672575,01-20 09:40:01:403
0.45968673,0.5363012,9.682152,01-20 09:40:01:424
0.47884035,0.45968673,9.605537,01-20 09:40:01:444
0.33518824,0.5267244,9.787497,01-20 09:40:01:464
0.39264908,0.58418524,9.902418,01-20 09:40:01:486
0.39264908,0.50757074,9.902418,01-20 09:40:01:504
0.45968673,0.60333884,10.132261,01-20 09:40:01:524
0.51714754,0.62249243,10.170568,01-20 09:40:01:543
0.5650316,0.641646,10.01734,01-20 09:40:01:566
0.5267244,0.6991069,9.797073,01-20 09:40:01:584
0.5363012,0.81402856,9.586384,01-20 09:40:01:603
0.5650316,0.89064306,9.56723,01-20 09:40:01:623
0.49799395,0.7757214,9.615114,01-20 09:40:01:643
0.4405331,0.6512229,9.643845,01-20 09:40:01:663
0.45968673,0.7278373,9.662998,01-20 09:40:01:684
0.48841715,0.7086837,9.730036,01-20 09:40:01:703
0.50757074,0.6607997,9.768343,01-20 09:40:01:724
0.41180268,0.63206923,9.758766,01-20 09:40:01:743
0.36391866,0.58418524,9.797073,01-20 09:40:01:763
0.40222588,0.58418524,9.653421,01-20 09:40:01:783
0.4405331,0.60333884,9.682152,01-20 09:40:01:803
0.4213795,0.61291564,9.835381,01-20 09:40:01:824
0.38307226,0.5746084,9.988609,01-20 09:40:01:843
0.45968673,0.7086837,9.80665,01-20 09:40:01:864
0.51714754,0.80445176,9.797073,01-20 09:40:01:883
0.5746084,0.82360536,9.988609,01-20 09:40:01:903
0.49799395,0.6799533,10.04607,01-20 09:40:01:923
0.4213795,0.641646,9.9790325,01-20 09:40:01:943
0.5267244,0.6607997,9.988609,01-20 09:40:01:964
0.6607997,0.7086837,10.007763,01-20 09:40:01:984
0.6799533,0.7374141,10.01734,01-20 09:40:02:003
0.60333884,0.6799533,9.950302,01-20 09:40:02:024
0.59376204,0.7661445,9.883265,01-20 09:40:02:043
0.6703765,0.8331822,9.768343,01-20 09:40:02:064
0.6703765,0.8331822,9.701305,01-20 09:40:02:083
0.63206923,0.79487497,9.557653,01-20 09:40:02:103
0.58418524,0.7661445,9.548077,01-20 09:40:02:123
0.5554548,0.7278373,9.615114,01-20 09:40:02:143
0.51714754,0.6703765,9.710882,01-20 09:40:02:163
0.40222588,0.6512229,9.720459,01-20 09:40:02:184
0.36391866,0.63206923,9.643845,01-20 09:40:02:203
0.34476504,0.6895301,9.605537,01-20 09:40:02:226
0.37349546,0.7086837,9.682152,01-20 09:40:02:245
0.31603462,0.6607997,9.653421,01-20 09:40:02:264
0.31603462,0.59376204,9.682152,01-20 09:40:02:283
0.40222588,0.6991069,9.710882,01-20 09:40:02:303
0.45010993,0.7469909,9.624691,01-20 09:40:02:324
0.5363012,0.80445176,9.56723,01-20 09:40:02:344
0.50757074,0.90979666,9.528923,01-20 09:40:02:363
0.5267244,0.93852705,9.557653,01-20 09:40:02:383
0.5554548,0.91937345,9.739613,01-20 09:40:02:403
0.5650316,0.7661445,9.892841,01-20 09:40:02:425
0.47884035,0.6895301,10.170568,01-20 09:40:02:443
0.51714754,0.641646,10.180145,01-20 09:40:02:463
0.58418524,0.6799533,10.065224,01-20 09:40:02:484
0.5746084,0.7086837,9.911995,01-20 09:40:02:503
0.5267244,0.6991069,9.854534,01-20 09:40:02:524
0.46926352,0.7086837,9.80665,01-20 09:40:02:543
0.4213795,0.7182605,9.672575,01-20 09:40:02:563
0.47884035,0.7661445,9.615114,01-20 09:40:02:583
0.45010993,0.7565677,9.672575,01-20 09:40:02:605
0.39264908,0.7757214,9.691729,01-20 09:40:02:623
0.38307226,0.7757214,9.643845,01-20 09:40:02:643
0.38307226,0.7565677,9.844957,01-20 09:40:02:663
0.34476504,0.60333884,9.9790325,01-20 09:40:02:683
0.19153613,0.5746084,9.902418,01-20 09:40:02:703
0.1340753,0.5650316,9.940725,01-20 09:40:02:723
0.36391866,0.6703765,10.180145,01-20 09:40:02:743
0.50757074,0.7182605,10.25676,01-20 09:40:02:763
0.4309563,0.7469909,10.01734,01-20 09:40:02:783
0.45010993,0.80445176,9.710882,01-20 09:40:02:803
0.5267244,0.93852705,9.490616,01-20 09:40:02:823
0.545878,0.9768343,9.394848,01-20 09:40:02:843
0.58418524,0.9672575,9.490616,01-20 09:40:02:863
0.5267244,0.93852705,9.528923,01-20 09:40:02:883
0.45010993,0.89064306,9.653421,01-20 09:40:02:903
0.49799395,0.842759,9.797073,01-20 09:40:02:923
0.5267244,0.8619126,9.873688,01-20 09:40:02:943
0.58418524,0.94810385,9.816227,01-20 09:40:02:963
0.63206923,0.9576807,9.739613,01-20 09:40:02:983
0.5267244,0.94810385,9.701305,01-20 09:40:03:003
0.4405331,0.90021986,9.672575,01-20 09:40:03:024
0.41180268,0.81402856,9.682152,01-20 09:40:03:043
0.47884035,0.7661445,9.864111,01-20 09:40:03:064
0.47884035,0.7661445,9.988609,01-20 09:40:03:084
0.45010993,0.7565677,10.01734,01-20 09:40:03:104
0.4405331,0.7757214,9.835381,01-20 09:40:03:123
0.49799395,0.81402856,9.730036,01-20 09:40:03:143
0.58418524,0.842759,9.710882,01-20 09:40:03:164
0.51714754,0.8714894,9.691729,01-20 09:40:03:183
0.49799395,0.8331822,9.797073,01-20 09:40:03:203
0.48841715,0.82360536,9.911995,01-20 09:40:03:223
0.47884035,0.80445176,9.998186,01-20 09:40:03:243
0.45010993,0.81402856,9.988609,01-20 09:40:03:263
0.45010993,0.80445176,9.844957,01-20 09:40:03:283
0.39264908,0.78529817,9.758766,01-20 09:40:03:303
0.4405331,0.78529817,9.730036,01-20 09:40:03:323
0.46926352,0.7661445,9.710882,01-20 09:40:03:343
0.47884035,0.78529817,9.730036,01-20 09:40:03:365
0.4405331,0.7182605,9.768343,01-20 09:40:03:383
0.36391866,0.7565677,9.720459,01-20 09:40:03:403
0.5267244,0.89064306,9.672575,01-20 09:40:03:423
0.61291564,0.89064306,9.854534,01-20 09:40:03:443
0.50757074,0.7374141,9.931149,01-20 09:40:03:463
0.4405331,0.7661445,9.854534,01-20 09:40:03:484
0.48841715,0.79487497,9.691729,01-20 09:40:03:504
0.5746084,0.8810662,9.605537,01-20 09:40:03:523
0.5746084,0.8523358,9.672575,01-20 09:40:03:543
0.5267244,0.79487497,9.730036,01-20 09:40:03:563
0.50757074,0.7278373,9.720459,01-20 09:40:03:583
0.50757074,0.7086837,9.730036,01-20 09:40:03:603
0.50757074,0.7661445,9.816227,01-20 09:40:03:623
0.51714754,0.842759,9.77792,01-20 09:40:03:643
0.5554548,0.8714894,9.720459,01-20 09:40:03:665
0.59376204,0.842759,9.672575,01-20 09:40:03:683
0.5746084,0.80445176,9.634268,01-20 09:40:03:703
0.5267244,0.7469909,9.701305,01-20 09:40:03:723
0.48841715,0.6991069,9.710882,01-20 09:40:03:743
0.46926352,0.6799533,9.672575,01-20 09:40:03:764
0.49799395,0.7086837,9.634268,01-20 09:40:03:783
0.5363012,0.7278373,9.595961,01-20 09:40:03:803
0.59376204,0.6703765,9.605537,01-20 09:40:03:823
0.58418524,0.6607997,9.576807,01-20 09:40:03:843
0.5363012,0.58418524,9.548077,01-20 09:40:03:864
0.50757074,0.58418524,9.557653,01-20 09:40:03:883
0.5746084,0.61291564,9.509769,01-20 09:40:03:903
0.6512229,0.6703765,9.442732,01-20 09:40:03:923
0.62249243,0.6895301,9.356541,01-20 09:40:03:944
0.62249243,0.641646,9.404425,01-20 09:40:03:964
0.5267244,0.61291564,9.605537,01-20 09:40:03:984
0.545878,0.5267244,9.423578,01-20 09:40:04:004
0.47884035,0.5363012,9.299079,01-20 09:40:04:024
0.5650316,0.5650316,9.270349,01-20 09:40:04:044
0.63206923,0.58418524,9.452309,01-20 09:40:04:063
0.6512229,0.545878,9.394848,01-20 09:40:04:084
0.5650316,0.36391866,9.193734,01-20 09:40:04:103
0.4309563,0.2777274,9.14585,01-20 09:40:04:123
0.4213795,0.2681506,9.212888,01-20 09:40:04:143
0.45968673,0.24899697,9.404425,01-20 09:40:04:163
0.48841715,0.24899697,9.414001,01-20 09:40:04:183
0.5746084,0.2681506,9.107543,01-20 09:40:04:203
0.62249243,0.2873042,8.599973,01-20 09:40:04:223
0.61291564,0.2873042,8.24563,01-20 09:40:04:244
0.5363012,0.23942018,8.178593,01-20 09:40:04:263
0.4405331,0.15322891,8.101978,01-20 09:40:04:283
0.40222588,0.095768064,7.824251,01-20 09:40:04:303
0.45010993,0.1340753,7.5848308,01-20 09:40:04:323
0.5363012,0.1340753,7.393295,01-20 09:40:04:344
0.8523358,0.11492168,7.431602,01-20 09:40:04:363
0.8523358,0.17238252,8.169016,01-20 09:40:04:383
0.545878,0.17238252,9.423578,01-20 09:40:04:403
0.38307226,0.0,10.160992,01-20 09:40:04:423
0.22984336,-0.22984336,10.04607,01-20 09:40:04:443
0.2873042,-0.23942018,9.615114,01-20 09:40:04:464
0.5267244,-0.12449849,9.174581,01-20 09:40:04:483
0.7374141,-0.076614454,8.810662,01-20 09:40:04:503
0.6991069,-0.1436521,8.532935,01-20 09:40:04:523
0.6895301,-0.23942018,8.523358,01-20 09:40:04:543
0.47884035,-0.2873042,8.935161,01-20 09:40:04:563
0.30645782,-0.40222588,9.184157,01-20 09:40:04:583
0.21068975,-0.5554548,9.078813,01-20 09:40:04:603
0.20111294,-0.50757074,8.925584,01-20 09:40:04:623
0.4213795,-0.32561144,9.050082,01-20 09:40:04:643
0.6512229,-0.22984336,9.3661175,01-20 09:40:04:663
0.79487497,-0.15322891,10.04607,01-20 09:40:04:683
0.9959879,-0.076614454,11.003751,01-20 09:40:04:705
1.2162545,-0.047884032,11.463438,01-20 09:40:04:725
0.641646,0.0,11.386824,01-20 09:40:04:744
0.076614454,-0.1340753,11.243171,01-20 09:40:04:763
-0.05746084,-0.20111294,11.549629,01-20 09:40:04:783
0.009576807,-0.33518824,12.0571995,01-20 09:40:04:803
0.19153613,-0.30645782,12.277467,01-20 09:40:04:823
0.41180268,-0.31603462,12.038046,01-20 09:40:04:843
0.5650316,-0.34476504,11.664551,01-20 09:40:04:863
0.641646,-0.24899697,11.645397,01-20 09:40:04:883
0.90979666,-0.20111294,11.712435,01-20 09:40:04:903
0.94810385,-0.17238252,11.329363,01-20 09:40:04:923
1.0534488,-0.047884032,10.70687,01-20 09:40:04:943
1.6472107,-0.05746084,10.0269165,01-20 09:40:04:963
1.6472107,-0.06703765,10.055647,01-20 09:40:04:983
1.2354081,-0.24899697,10.994174,01-20 09:40:05:003
0.45010993,-0.5554548,11.645397,01-20 09:40:05:024
-0.047884032,-0.641646,11.798626,01-20 09:40:05:044
0.038307227,-0.45010993,11.405977,01-20 09:40:05:063
0.32561144,0.019153614,11.080365,01-20 09:40:05:083
0.4213795,0.4405331,10.486604,01-20 09:40:05:104
0.40222588,0.46926352,10.084377,01-20 09:40:05:124
0.2873042,0.32561144,9.969456,01-20 09:40:05:143
0.25857377,0.33518824,10.5440645,01-20 09:40:05:163
0.51714754,0.25857377,11.070788,01-20 09:40:05:183
0.38307226,0.1436521,11.21444,01-20 09:40:05:203
0.29688102,-0.06703765,11.281479,01-20 09:40:05:223
0.19153613,-0.25857377,11.425131,01-20 09:40:05:243
0.0,-0.4309563,11.549629,01-20 09:40:05:263
-0.047884032,-0.5746084,11.415554,01-20 09:40:05:283
0.1340753,-0.60333884,10.907983,01-20 09:40:05:303
0.5650316,-0.48841715,10.362105,01-20 09:40:05:323
0.6512229,-0.34476504,10.103531,01-20 09:40:05:343
0.7086837,-0.46926352,9.643845,01-20 09:40:05:363
0.61291564,-0.5267244,9.232041,01-20 09:40:05:383
0.5650316,-0.47884035,9.165004,01-20 09:40:05:404
0.7278373,-0.4309563,9.11712,01-20 09:40:05:423
0.7374141,-0.2873042,9.14585,01-20 09:40:05:443
0.9768343,-0.1436521,9.308656,01-20 09:40:05:463
0.9672575,0.019153614,9.375694,01-20 09:40:05:483
0.8619126,0.02873042,9.433155,01-20 09:40:05:503
0.81402856,0.038307227,9.481039,01-20 09:40:05:523
0.7086837,0.095768064,9.481039,01-20 09:40:05:543
0.7374141,0.1340753,9.3661175,01-20 09:40:05:565
0.7469909,0.11492168,9.337387,01-20 09:40:05:584
0.62249243,0.15322891,9.5385,01-20 09:40:05:603
0.5746084,0.12449849,9.787497,01-20 09:40:05:623
0.45968673,0.05746084,9.624691,01-20 09:40:05:643
0.41180268,0.047884032,9.433155,01-20 09:40:05:663
0.45010993,0.0,9.423578,01-20 09:40:05:683
0.4213795,-0.06703765,9.433155,01-20 09:40:05:704
0.41180268,-0.047884032,9.624691,01-20 09:40:05:723
0.45010993,-0.08619126,9.80665,01-20 09:40:05:743
0.50757074,-0.1436521,10.0748005,01-20 09:40:05:763
0.50757074,-0.11492168,10.228029,01-20 09:40:05:784
0.5554548,-0.047884032,10.170568,01-20 09:40:05:803
0.6512229,-0.009576807,10.093954,01-20 09:40:05:823
0.6607997,0.0,9.959879,01-20 09:40:05:844
0.5554548,0.0,9.797073,01-20 09:40:05:865
0.6607997,0.0,9.586384,01-20 09:40:05:884
0.6991069,0.076614454,9.615114,01-20 09:40:05:903
0.6607997,0.05746084,9.80665,01-20 09:40:05:923
0.6895301,0.0,9.864111,01-20 09:40:05:945
0.63206923,-0.02873042,9.854534,01-20 09:40:05:963
0.7661445,0.0,9.758766,01-20 09:40:05:983
0.81402856,-0.009576807,9.615114,01-20 09:40:06:003
0.7086837,-0.038307227,9.595961,01-20 09:40:06:023
0.641646,-0.047884032,9.634268,01-20 09:40:06:043
0.5267244,-0.08619126,9.730036,01-20 09:40:06:063
0.58418524,-0.038307227,9.873688,01-20 09:40:06:083
0.545878,0.0,9.864111,01-20 09:40:06:103
0.45968673,0.0,9.883265,01-20 09:40:06:123
0.48841715,-0.02873042,9.883265,01-20 09:40:06:143
0.5363012,0.009576807,9.864111,01-20 09:40:06:164
0.62249243,0.11492168,9.883265,01-20 09:40:06:184
0.7661445,0.12449849,9.921572,01-20 09:40:06:203
0.6991069,0.1340753,9.998186,01-20 09:40:06:223
0.641646,0.05746084,9.988609,01-20 09:40:06:243
0.5554548,0.0,9.883265,01-20 09:40:06:263
0.5363012,0.0,9.844957,01-20 09:40:06:283
0.5746084,-0.02873042,9.844957,01-20 09:40:06:303
0.49799395,-0.02873042,9.77792,01-20 09:40:06:324
0.48841715,-0.076614454,9.701305,01-20 09:40:06:343
0.51714754,0.0,9.730036,01-20 09:40:06:363
0.5554548,0.0,9.80665,01-20 09:40:06:383
0.5363012,0.0,9.797073,01-20 09:40:06:403
0.49799395,0.0,9.739613,01-20 09:40:06:423
0.545878,0.019153614,9.710882,01-20 09:40:06:444
0.59376204,0.047884032,9.739613,01-20 09:40:06:463
0.6895301,0.095768064,9.77792,01-20 09:40:06:483
0.641646,0.10534488,9.80665,01-20 09:40:06:503
0.5746084,0.076614454,9.80665,01-20 09:40:06:524
0.47884035,0.05746084,9.825804,01-20 09:40:06:543
0.46926352,0.0,9.77792,01-20 09:40:06:563
0.45968673,0.0,9.710882,01-20 09:40:06:583
0.4405331,0.019153614,9.739613,01-20 09:40:06:603
0.46926352,0.047884032,9.797073,01-20 09:40:06:624
0.4309563,0.047884032,9.883265,01-20 09:40:06:643
0.39264908,0.05746084,9.931149,01-20 09:40:06:663
0.4213795,0.06703765,10.036493,01-20 09:40:06:683
0.4213795,0.08619126,10.141838,01-20 09:40:06:703
0.5363012,0.047884032,10.1226845,01-20 09:40:06:723
0.61291564,0.06703765,9.988609,01-20 09:40:06:743
0.61291564,0.10534488,9.892841,01-20 09:40:06:763
0.58418524,0.038307227,9.816227,01-20 09:40:06:783
0.5554548,0.019153614,9.672575,01-20 09:40:06:805
0.48841715,0.02873042,9.605537,01-20 09:40:06:823
0.41180268,0.0,9.624691,01-20 09:40:06:843
0.41180268,0.019153614,9.672575,01-20 09:40:06:863
0.4213795,0.047884032,9.682152,01-20 09:40:06:883
0.4213795,0.038307227,9.80665,01-20 09:40:06:903
0.35434186,0.009576807,9.9790325,01-20 09:40:06:923
0.2681506,0.0,9.969456,01-20 09:40:06:943
0.20111294,0.0,9.739613,01-20 09:40:06:963
0.2681506,0.06703765,9.634268,01-20 09:40:06:983
0.41180268,0.17238252,9.682152,01-20 09:40:07:003
0.38307226,0.22026655,9.672575,01-20 09:40:07:024
0.4309563,0.16280572,9.730036,01-20 09:40:07:043
0.46926352,0.19153613,10.055647,01-20 09:40:07:063
0.50757074,0.11492168,10.228029,01-20 09:40:07:084
0.45968673,0.12449849,10.065224,01-20 09:40:07:104
0.46926352,0.16280572,9.902418,01-20 09:40:07:123
0.6512229,0.1436521,9.80665,01-20 09:40:07:143
0.61291564,0.095768064,9.77792,01-20 09:40:07:163
0.48841715,0.047884032,9.768343,01-20 09:40:07:183
0.45010993,0.038307227,9.720459,01-20 09:40:07:203
0.46926352,0.11492168,9.682152,01-20 09:40:07:224
0.5267244,0.17238252,9.624691,01-20 09:40:07:243
0.47884035,0.1340753,9.624691,01-20 09:40:07:263
0.36391866,0.11492168,9.634268,01-20 09:40:07:283
0.36391866,0.10534488,9.662998,01-20 09:40:07:303
0.37349546,0.095768064,9.730036,01-20 09:40:07:323
0.40222588,0.095768064,9.864111,01-20 09:40:07:343
0.4213795,0.16280572,9.940725,01-20 09:40:07:363
0.45010993,0.1436521,9.844957,01-20 09:40:07:383
0.41180268,0.15322891,9.720459,01-20 09:40:07:404
0.45968673,0.15322891,9.816227,01-20 09:40:07:423
0.46926352,0.18195933,9.844957,01-20 09:40:07:443
0.5554548,0.19153613,9.797073,01-20 09:40:07:463
0.5363012,0.18195933,9.864111,01-20 09:40:07:484
0.41180268,0.047884032,9.931149,01-20 09:40:07:504
0.2681506,-0.009576807,9.969456,01-20 09:40:07:524
0.30645782,0.009576807,9.9790325,01-20 09:40:07:543
0.4405331,0.038307227,9.950302,01-20 09:40:07:565
0.49799395,0.038307227,9.911995,01-20 09:40:07:583
0.4405331,0.0,9.902418,01-20 09:40:07:603
0.41180268,0.0,9.892841,01-20 09:40:07:623
0.4213795,0.0,9.864111,01-20 09:40:07:643
0.45010993,0.009576807,9.768343,01-20 09:40:07:663
0.49799395,0.0,9.816227,01-20 09:40:07:683
0.48841715,0.009576807,10.04607,01-20 09:40:07:704
0.46926352,0.0,10.0269165,01-20 09:40:07:723
0.4309563,0.009576807,9.730036,01-20 09:40:07:743
0.49799395,0.11492168,9.490616,01-20 09:40:07:764
0.5363012,0.16280572,9.548077,01-20 09:40:07:783
0.5554548,0.1436521,9.931149,01-20 09:40:07:803
0.4405331,0.08619126,10.28549,01-20 09:40:07:823
0.32561144,0.076614454,10.237606,01-20 09:40:07:843
0.5363012,0.038307227,9.921572,01-20 09:40:07:864
0.5267244,0.15322891,10.093954,01-20 09:40:07:883
0.545878,0.1340753,10.390836,01-20 09:40:07:903
0.35434186,0.0,10.199299,01-20 09:40:07:923
0.21068975,0.06703765,9.500193,01-20 09:40:07:943
0.34476504,0.29688102,8.8777,01-20 09:40:07:963
0.41180268,0.41180268,8.868123,01-20 09:40:07:983
0.38307226,0.24899697,9.442732,01-20 09:40:08:003
0.17238252,0.11492168,9.864111,01-20 09:40:08:023
0.11492168,0.009576807,9.816227,01-20 09:40:08:043
0.1436521,0.15322891,9.490616,01-20 09:40:08:064
0.24899697,0.32561144,9.433155,01-20 09:40:08:084
0.22984336,0.45010993,9.662998,01-20 09:40:08:103
0.22984336,0.25857377,9.825804,01-20 09:40:08:123
0.18195933,0.22026655,10.141838,01-20 09:40:08:143
0.23942018,0.22984336,10.400413,01-20 09:40:08:164
0.24899697,0.2777274,10.429143,01-20 09:40:08:183
0.39264908,0.34476504,10.228029,01-20 09:40:08:203
0.50757074,0.33518824,10.189722,01-20 09:40:08:223
0.50757074,0.24899697,10.055647,01-20 09:40:08:244
0.4405331,0.20111294,9.921572,01-20 09:40:08:263
0.4309563,0.17238252,9.691729,01-20 09:40:08:283
0.36391866,0.15322891,9.576807,01-20 09:40:08:303
0.34476504,0.17238252,9.595961,01-20 09:40:08:323
0.37349546,0.18195933,9.56723,01-20 09:40:08:343
0.2681506,0.17238252,9.500193,01-20 09:40:08:363
0.1436521,0.22026655,9.586384,01-20 09:40:08:383
0.15322891,0.22984336,9.710882,01-20 09:40:08:403
0.17238252,0.18195933,9.825804,01-20 09:40:08:423
0.047884032,0.16280572,9.959879,01-20 09:40:08:443
-0.047884032,0.1436521,10.04607,01-20 09:40:08:463
-0.047884032,0.18195933,9.988609,01-20 09:40:08:483
0.0,0.22984336,9.911995,01-20 09:40:08:503
0.1436521,0.23942018,9.844957,01-20 09:40:08:523
0.4213795,0.38307226,9.816227,01-20 09:40:08:543
0.641646,0.4309563,9.452309,01-20 09:40:08:563
0.45968673,0.50757074,9.299079,01-20 09:40:08:583
0.37349546,0.33518824,9.768343,01-20 09:40:08:604
0.35434186,0.1436521,10.036493,01-20 09:40:08:624
0.22984336,0.1340753,10.132261,01-20 09:40:08:643
0.2681506,0.18195933,10.093954,01-20 09:40:08:663
0.35434186,0.22984336,10.065224,01-20 09:40:08:683
0.33518824,0.2681506,9.940725,01-20 09:40:08:703
0.35434186,0.24899697,9.77792,01-20 09:40:08:723
0.38307226,0.22026655,9.739613,01-20 09:40:08:743
0.37349546,0.24899697,9.835381,01-20 09:40:08:763
0.33518824,0.24899697,9.864111,01-20 09:40:08:783
0.22984336,0.20111294,9.758766,01-20 09:40:08:803
0.22026655,0.22026655,9.576807,01-20 09:40:08:823
0.30645782,0.21068975,9.423578,01-20 09:40:08:843
0.29688102,0.23942018,9.490616,01-20 09:40:08:864
0.36391866,0.24899697,9.710882,01-20 09:40:08:883
0.40222588,0.20111294,9.883265,01-20 09:40:08:904
0.35434186,0.17238252,9.892841,01-20 09:40:08:923
0.35434186,0.21068975,10.007763,01-20 09:40:08:943
0.33518824,0.22026655,10.160992,01-20 09:40:08:963
0.32561144,0.12449849,10.084377,01-20 09:40:08:983
0.2777274,0.1340753,9.911995,01-20 09:40:09:003
-1.9728222,2.1643584,9.107543,01-20 09:40:20:944
-1.7621324,2.1068976,8.963891,01-20 09:40:20:963
-1.6950948,2.1260512,8.8777,01-20 09:40:20:983
-1.5993267,2.1547816,8.963891,01-20 09:40:21:005
-1.6472107,2.087744,9.11712,01-20 09:40:21:023
-1.6472107,2.0494366,9.356541,01-20 09:40:21:055
-1.5610195,2.0015526,9.528923,01-20 09:40:21:063
-1.3503298,1.9249382,9.557653,01-20 09:40:21:088
-1.1492168,1.9919758,9.548077,01-20 09:40:21:104
-1.0247183,1.8962077,9.56723,01-20 09:40:21:125
-1.091756,1.8770541,9.528923,01-20 09:40:21:154
-1.0726024,1.8674773,9.605537,01-20 09:40:21:163
-0.94810385,1.9153614,9.653421,01-20 09:40:21:187
-0.6703765,1.9249382,9.701305,01-20 09:40:21:204
-0.545878,1.8770541,9.615114,01-20 09:40:21:223
-0.6799533,1.8579005,9.576807,01-20 09:40:21:243
-0.7469909,1.934515,9.691729,01-20 09:40:21:263
-0.79487497,1.8674773,9.80665,01-20 09:40:21:283
-1.0534488,1.9919758,10.400413,01-20 09:40:21:304
-1.0534488,1.4460979,10.43872,01-20 09:40:21:328
-1.1875241,0.9959879,9.892841,01-20 09:40:21:343
-1.4077905,1.3790601,9.595961,01-20 09:40:21:363
-1.2449849,1.8674773,9.643845,01-20 09:40:21:383
-0.7278373,1.8195933,9.423578,01-20 09:40:21:403
-0.58418524,1.8100165,9.279925,01-20 09:40:21:423
-0.6799533,1.6376339,9.126697,01-20 09:40:21:443
-0.7565677,1.6567876,9.069236,01-20 09:40:21:463
-0.6512229,1.7908629,9.174581,01-20 09:40:21:483
-0.5746084,1.7046716,9.423578,01-20 09:40:21:503
-0.7086837,1.685518,9.682152,01-20 09:40:21:526
-0.81402856,1.6567876,9.816227,01-20 09:40:21:543
-0.81402856,1.6663644,9.710882,01-20 09:40:21:566
-0.8523358,1.6376339,9.730036,01-20 09:40:21:583
-0.8331822,1.6089035,9.682152,01-20 09:40:21:603
-0.94810385,1.6472107,9.739613,01-20 09:40:21:623
-0.9672575,1.5610195,9.768343,01-20 09:40:21:643
-1.043872,1.5035586,9.768343,01-20 09:40:21:663
-1.0247183,1.5514427,9.80665,01-20 09:40:21:684
-0.842759,1.5705963,9.548077,01-20 09:40:21:703
-0.79487497,1.6376339,9.289502,01-20 09:40:21:724
-0.7661445,1.6280571,9.385271,01-20 09:40:21:743
-0.7278373,1.6280571,9.595961,01-20 09:40:21:763
-0.78529817,1.6184803,9.595961,01-20 09:40:21:783
-0.7469909,1.6089035,9.452309,01-20 09:40:21:803
-0.78529817,1.6759412,9.500193,01-20 09:40:21:823
-0.82360536,1.6089035,9.643845,01-20 09:40:21:843
-0.8619126,1.532289,9.710882,01-20 09:40:21:863
-0.90021986,1.4939818,9.643845,01-20 09:40:21:883
-0.82360536,1.5610195,9.5385,01-20 09:40:21:904
-0.78529817,1.5993267,9.682152,01-20 09:40:21:924
-0.79487497,1.5705963,9.768343,01-20 09:40:21:945
-0.82360536,1.5610195,9.758766,01-20 09:40:21:968
-0.8810662,1.5610195,9.701305,01-20 09:40:21:983
-0.8810662,1.5705963,9.672575,01-20 09:40:22:003
-0.89064306,1.532289,9.624691,01-20 09:40:22:023
-0.92895025,1.5801731,9.56723,01-20 09:40:22:043
-0.8619126,1.541866,9.500193,01-20 09:40:22:063
-0.89064306,1.541866,9.682152,01-20 09:40:22:084
-0.93852705,1.5131354,9.653421,01-20 09:40:22:103
-0.92895025,1.5035586,9.586384,01-20 09:40:22:124
-0.8714894,1.5227122,9.548077,01-20 09:40:22:145
-0.78529817,1.532289,9.509769,01-20 09:40:22:164
-0.82360536,1.532289,9.595961,01-20 09:40:22:183
-0.80445176,1.5035586,9.672575,01-20 09:40:22:203
-0.7565677,1.5993267,9.471462,01-20 09:40:22:224
-0.7661445,1.6663644,9.5385,01-20 09:40:22:243
-0.89064306,1.5514427,9.816227,01-20 09:40:22:264
-0.9768343,1.5035586,9.873688,01-20 09:40:22:284
-0.9672575,1.5514427,9.662998,01-20 09:40:22:304
-0.8331822,1.5705963,9.576807,01-20 09:40:22:323
-0.79487497,1.5131354,9.672575,01-20 09:40:22:344
-0.80445176,1.4556746,9.691729,01-20 09:40:22:364
-0.79487497,1.4748282,9.576807,01-20 09:40:22:383
-0.842759,1.5131354,9.5385,01-20 09:40:22:404
-0.8714894,1.5227122,9.595961,01-20 09:40:22:424
-0.8619126,1.5610195,9.691729,01-20 09:40:22:445
-0.7757214,1.5801731,9.662998,01-20 09:40:22:464
-0.78529817,1.5514427,9.576807,01-20 09:40:22:484
-0.842759,1.541866,9.528923,01-20 09:40:22:503
-0.79487497,1.4652514,9.643845,01-20 09:40:22:524
-0.79487497,1.4748282,9.768343,01-20 09:40:22:544
-0.82360536,1.5610195,9.739613,01-20 09:40:22:564
-0.7278373,1.541866,9.586384,01-20 09:40:22:585
-0.7278373,1.6089035,9.509769,01-20 09:40:22:603
-0.7757214,1.541866,9.548077,01-20 09:40:22:623
-0.80445176,1.5035586,9.576807,01-20 09:40:22:643
-0.8810662,1.484405,9.643845,01-20 09:40:22:663
-0.78529817,1.5035586,9.672575,01-20 09:40:22:684
-0.79487497,1.5035586,9.77792,01-20 09:40:22:703
-0.79487497,1.532289,9.672575,01-20 09:40:22:724
-0.79487497,1.5610195,9.500193,01-20 09:40:22:743
-0.7757214,1.6089035,9.490616,01-20 09:40:22:763
-0.78529817,1.5705963,9.528923,01-20 09:40:22:783
-0.7757214,1.5227122,9.605537,01-20 09:40:22:804
-0.80445176,1.5227122,9.595961,01-20 09:40:22:824
-0.7757214,1.484405,9.643845,01-20 09:40:22:843
-0.8619126,1.484405,9.691729,01-20 09:40:22:863
-0.8714894,1.484405,9.701305,01-20 09:40:22:883
-0.8619126,1.4939818,9.595961,01-20 09:40:22:904
-0.82360536,1.532289,9.586384,01-20 09:40:22:924
-0.80445176,1.484405,9.682152,01-20 09:40:22:944
-0.80445176,1.4652514,9.672575,01-20 09:40:22:963
-0.79487497,1.4748282,9.634268,01-20 09:40:22:983
-0.78529817,1.5035586,9.56723,01-20 09:40:23:003
-0.7086837,1.5897499,9.356541,01-20 09:40:23:023
-0.7757214,1.5131354,9.634268,01-20 09:40:23:043
-0.91937345,1.4269443,9.931149,01-20 09:40:23:063
-0.94810385,1.4173675,9.80665,01-20 09:40:23:083
-0.82360536,1.484405,9.605537,01-20 09:40:23:103
-0.6799533,1.4939818,9.471462,01-20 09:40:23:123
-0.641646,1.484405,9.481039,01-20 09:40:23:143
-0.7086837,1.4269443,9.346964,01-20 09:40:23:164
-0.7374141,1.436521,9.270349,01-20 09:40:23:183
-0.7182605,1.4748282,9.404425,01-20 09:40:23:204
-0.7565677,1.4556746,9.548077,01-20 09:40:23:223
-0.8619126,1.3503298,9.528923,01-20 09:40:23:243
-0.9768343,1.2162545,9.394848,01-20 09:40:23:263
-1.0342951,1.2162545,9.270349,01-20 09:40:23:284
-0.92895025,1.1971009,9.289502,01-20 09:40:23:305
-0.80445176,1.1875241,9.433155,01-20 09:40:23:324
-0.6895301,1.2258313,9.442732,01-20 09:40:23:344
-0.6703765,1.2545617,9.471462,01-20 09:40:23:363
-0.5746084,1.1492168,9.260772,01-20 09:40:23:383
-0.59376204,1.13964,9.155427,01-20 09:40:23:403
-0.5267244,1.1492168,9.030929,01-20 09:40:23:423
-0.5363012,1.1109096,8.954314,01-20 09:40:23:443
-0.62249243,1.1204864,9.11712,01-20 09:40:23:463
-0.6991069,0.9768343,9.069236,01-20 09:40:23:483
-0.7565677,0.9576807,9.184157,01-20 09:40:23:503
-0.8714894,1.0247183,9.3661175,01-20 09:40:23:524
-0.82360536,0.92895025,9.394848,01-20 09:40:23:543
-0.8331822,0.92895025,9.32781,01-20 09:40:23:563
-0.8714894,1.0534488,9.3661175,01-20 09:40:23:583
-0.59376204,1.1204864,9.11712,01-20 09:40:23:603
-0.37349546,1.1971009,8.6574335,01-20 09:40:23:624
-0.21068975,1.13964,8.073248,01-20 09:40:23:643
-0.1436521,1.2162545,7.642292,01-20 09:40:23:663
-0.24899697,1.292869,7.651869,01-20 09:40:23:683
-0.17238252,1.1013328,7.651869,01-20 09:40:23:703
-0.05746084,0.8810662,7.441179,01-20 09:40:23:723
-0.1436521,0.7182605,7.0485296,01-20 09:40:23:743
-0.19153613,0.641646,6.6846113,01-20 09:40:23:764
-0.08619126,0.7565677,6.6079965,01-20 09:40:23:784
0.0,0.7374141,6.7612257,01-20 09:40:23:803
0.009576807,0.62249243,6.895301,01-20 09:40:23:823
-0.12449849,0.6703765,7.0102224,01-20 09:40:23:843
-0.2777274,0.5746084,7.335834,01-20 09:40:23:863
-0.02873042,0.49799395,8.197746,01-20 09:40:23:883
0.18195933,0.34476504,9.078813,01-20 09:40:23:903
0.1436521,0.12449849,9.605537,01-20 09:40:23:923
-0.08619126,-0.15322891,9.548077,01-20 09:40:23:943
-0.47884035,-0.2681506,9.260772,01-20 09:40:23:964
-0.60333884,-0.24899697,9.222465,01-20 09:40:23:983
-0.4309563,-0.18195933,9.931149,01-20 09:40:24:003
-0.06703765,-0.2681506,10.524911,01-20 09:40:24:023
-0.009576807,-0.34476504,10.783484,01-20 09:40:24:043
-0.08619126,-0.34476504,10.840945,01-20 09:40:24:064
-0.1340753,-0.25857377,10.994174,01-20 09:40:24:083
-0.16280572,-0.23942018,11.597513,01-20 09:40:24:103
-0.10534488,-0.37349546,11.990162,01-20 09:40:24:123
-0.076614454,-0.39264908,12.210428,01-20 09:40:24:143
0.0,-0.4309563,12.4785795,01-20 09:40:24:165
0.047884032,-0.50757074,12.603078,01-20 09:40:24:184
0.17238252,-0.38307226,12.785037,01-20 09:40:24:203
0.2681506,-0.22026655,13.091495,01-20 09:40:24:223
0.38307226,-0.2681506,13.101071,01-20 09:40:24:243
0.20111294,-0.545878,12.631808,01-20 09:40:24:264
0.076614454,-0.60333884,12.248735,01-20 09:40:24:284
0.32561144,-0.6512229,11.923124,01-20 09:40:24:303
0.641646,-0.545878,11.645397,01-20 09:40:24:323
0.7565677,-0.5746084,11.63582,01-20 09:40:24:343
0.5746084,-0.5650316,11.87524,01-20 09:40:24:363
0.21068975,-0.5363012,11.84651,01-20 09:40:24:384
-0.1340753,-0.37349546,11.473015,01-20 09:40:24:403
-0.19153613,-0.16280572,11.061212,01-20 09:40:24:423
-0.1340753,0.1340753,10.802638,01-20 09:40:24:443
0.038307227,0.32561144,10.611102,01-20 09:40:24:463
0.1340753,0.5650316,10.611102,01-20 09:40:24:483
0.15322891,0.50757074,10.726024,01-20 09:40:24:503
0.019153614,0.36391866,10.850522,01-20 09:40:24:523
-0.06703765,0.18195933,10.94629,01-20 09:40:24:545
-0.30645782,0.047884032,11.070788,01-20 09:40:24:563
-0.46926352,-0.076614454,10.94629,01-20 09:40:24:583
-0.45968673,-0.31603462,10.649409,01-20 09:40:24:603
-0.37349546,-0.2681506,10.649409,01-20 09:40:24:625
-0.11492168,-0.23942018,10.668563,01-20 09:40:24:644
-0.05746084,-0.33518824,10.304645,01-20 09:40:24:663
-0.12449849,-0.35434186,10.007763,01-20 09:40:24:683
-0.05746084,-0.33518824,9.653421,01-20 09:40:24:703
0.15322891,-0.1436521,9.423578,01-20 09:40:24:723
0.38307226,0.009576807,9.251195,01-20 09:40:24:743
0.49799395,0.06703765,8.973468,01-20 09:40:24:764
0.41180268,0.16280572,8.772355,01-20 09:40:24:783
0.18195933,0.15322891,9.030929,01-20 09:40:24:803
0.20111294,0.0,9.452309,01-20 09:40:24:823
0.2777274,0.18195933,9.184157,01-20 09:40:24:844
0.32561144,0.4213795,8.8777,01-20 09:40:24:864
-0.31603462,-0.24899697,8.6574335,01-20 09:40:24:883
0.009576807,0.35434186,8.504205,01-20 09:40:24:903
0.15322891,0.25857377,9.155427,01-20 09:40:24:924
0.1436521,0.22026655,9.586384,01-20 09:40:24:943
0.2873042,-0.009576807,10.093954,01-20 09:40:24:963
0.1340753,-0.1436521,10.275913,01-20 09:40:24:983
-0.095768064,-0.19153613,10.228029,01-20 09:40:25:003
-0.38307226,-0.1436521,10.055647,01-20 09:40:25:024
-0.22026655,-0.08619126,9.615114,01-20 09:40:25:044
0.0,-0.02873042,9.490616,01-20 09:40:25:063
0.0,-0.1436521,9.442732,01-20 09:40:25:083
-0.22026655,-0.2777274,9.844957,01-20 09:40:25:103
-0.12449849,-0.33518824,10.218452,01-20 09:40:25:124
-0.08619126,-0.31603462,10.477027,01-20 09:40:25:143
-0.05746084,-0.2873042,10.553641,01-20 09:40:25:163
0.06703765,-0.22984336,10.323798,01-20 09:40:25:183
0.2681506,-0.076614454,9.940725,01-20 09:40:25:203
0.4309563,0.095768064,9.80665,01-20 09:40:25:223
0.48841715,0.1340753,9.844957,01-20 09:40:25:243
0.51714754,0.12449849,9.864111,01-20 09:40:25:263
0.5554548,0.076614454,9.959879,01-20 09:40:25:283
0.6512229,0.0,9.950302,01-20 09:40:25:304
0.58418524,0.009576807,9.854534,01-20 09:40:25:323
0.6512229,0.076614454,9.634268,01-20 09:40:25:343
0.6512229,0.08619126,9.586384,01-20 09:40:25:363
0.7086837,0.038307227,9.691729,01-20 09:40:25:383
0.6799533,0.0,9.662998,01-20 09:40:25:403
0.58418524,-0.038307227,9.56723,01-20 09:40:25:424
0.4309563,-0.095768064,9.548077,01-20 09:40:25:443
0.2777274,-0.16280572,9.548077,01-20 09:40:25:463
0.1436521,-0.18195933,9.595961,01-20 09:40:25:483
0.16280572,-0.17238252,9.682152,01-20 09:40:25:503
0.2777274,-0.15322891,9.749189,01-20 09:40:25:524
0.37349546,-0.11492168,9.77792,01-20 09:40:25:543
0.35434186,-0.12449849,9.835381,01-20 09:40:25:563
0.34476504,-0.12449849,9.816227,01-20 09:40:25:583
0.38307226,-0.076614454,9.844957,01-20 09:40:25:603
0.37349546,-0.05746084,9.883265,01-20 09:40:25:624
0.4405331,0.0,9.787497,01-20 09:40:25:643
0.47884035,0.0,9.672575,01-20 09:40:25:663
0.5267244,0.009576807,9.691729,01-20 09:40:25:684
0.5363012,0.038307227,9.758766,01-20 09:40:25:704
0.6607997,0.06703765,9.825804,01-20 09:40:25:723
0.6512229,0.06703765,9.864111,01-20 09:40:25:743
0.641646,0.038307227,9.80665,01-20 09:40:25:763
0.63206923,0.009576807,9.797073,01-20 09:40:25:783
0.63206923,0.0,9.864111,01-20 09:40:25:803
0.58418524,0.0,9.950302,01-20 09:40:25:823
0.5650316,0.0,9.921572,01-20 09:40:25:843
0.59376204,0.0,9.883265,01-20 09:40:25:864
0.58418524,0.0,9.797073,01-20 09:40:25:883
0.51714754,0.0,9.787497,01-20 09:40:25:904
0.50757074,-0.02873042,9.835381,01-20 09:40:25:923
0.49799395,-0.05746084,9.883265,01-20 09:40:25:943
0.49799395,0.0,9.921572,01-20 09:40:25:964
0.5363012,0.019153614,9.873688,01-20 09:40:25:983
0.61291564,0.02873042,9.80665,01-20 09:40:26:003
0.62249243,0.076614454,9.749189,01-20 09:40:26:023
0.61291564,0.038307227,9.77792,01-20 09:40:26:043
0.545878,-0.009576807,9.864111,01-20 09:40:26:063
0.48841715,-0.019153614,9.959879,01-20 09:40:26:083
0.5554548,-0.009576807,9.883265,01-20 09:40:26:103
0.60333884,0.019153614,9.730036,01-20 09:40:26:123
0.6895301,0.095768064,9.691729,01-20 09:40:26:143
0.7278373,0.08619126,9.921572,01-20 09:40:26:163
0.60333884,0.038307227,10.113108,01-20 09:40:26:183
0.62249243,0.0,10.0269165,01-20 09:40:26:203
0.641646,0.047884032,9.873688,01-20 09:40:26:223
0.59376204,0.18195933,9.864111,01-20 09:40:26:245
0.6703765,0.22984336,9.940725,01-20 09:40:26:263
0.7374141,0.19153613,10.007763,01-20 09:40:26:284
0.641646,0.16280572,10.01734,01-20 09:40:26:303
0.61291564,0.076614454,9.825804,01-20 09:40:26:323
0.6607997,0.1436521,9.481039,01-20 09:40:26:343
0.6703765,0.2873042,9.279925,01-20 09:40:26:364
0.80445176,0.46926352,9.490616,01-20 09:40:26:383
0.7565677,0.30645782,9.768343,01-20 09:40:26:403
0.48841715,0.17238252,9.797073,01-20 09:40:26:425
0.4213795,0.17238252,9.509769,01-20 09:40:26:443
0.40222588,0.31603462,9.32781,01-20 09:40:26:463
0.46926352,0.51714754,9.442732,01-20 09:40:26:483
0.50757074,0.5267244,9.825804,01-20 09:40:26:503
0.46926352,0.41180268,10.141838,01-20 09:40:26:523
0.5267244,0.38307226,10.275913,01-20 09:40:26:544
0.61291564,0.40222588,10.036493,01-20 09:40:26:563
0.6607997,0.5267244,9.854534,01-20 09:40:26:583
0.6991069,0.6991069,9.959879,01-20 09:40:26:603
0.7469909,0.6991069,10.093954,01-20 09:40:26:623
0.8714894,0.60333884,9.940725,01-20 09:40:26:643
0.8714894,0.5267244,9.730036,01-20 09:40:26:663
0.79487497,0.5650316,9.548077,01-20 09:40:26:683
0.82360536,0.58418524,9.490616,01-20 09:40:26:703
1.0055647,0.6607997,9.586384,01-20 09:40:26:723
1.1875241,0.7182605,9.557653,01-20 09:40:26:743
1.2258313,0.7182605,9.500193,01-20 09:40:26:764
1.0055647,0.6607997,9.548077,01-20 09:40:26:783
0.93852705,0.47884035,9.672575,01-20 09:40:26:803
0.842759,0.33518824,9.77792,01-20 09:40:26:823
1.0821792,0.2873042,9.77792,01-20 09:40:26:843
1.1300632,0.39264908,9.730036,01-20 09:40:26:863
1.091756,0.41180268,9.710882,01-20 09:40:26:883
1.2066777,0.34476504,9.787497,01-20 09:40:26:903
0.91937345,0.45968673,9.9790325,01-20 09:40:26:923
0.8619126,0.4213795,10.084377,01-20 09:40:26:944
1.1587936,0.24899697,10.084377,01-20 09:40:26:963
1.4173675,0.11492168,10.113108,01-20 09:40:26:984
1.4077905,0.047884032,10.371682,01-20 09:40:27:003
1.340753,0.1340753,10.295067,01-20 09:40:27:023
1.5993267,0.19153613,9.787497,01-20 09:40:27:044
1.7717092,0.2873042,9.423578,01-20 09:40:27:063
1.5610195,0.4405331,9.490616,01-20 09:40:27:083
1.2449849,0.47884035,9.624691,01-20 09:40:27:103
1.2354081,0.4309563,9.672575,01-20 09:40:27:123
1.340753,0.38307226,9.662998,01-20 09:40:27:143
1.388637,0.4213795,9.653421,01-20 09:40:27:163
1.3599066,0.46926352,9.586384,01-20 09:40:27:183
1.2449849,0.45010993,9.586384,01-20 09:40:27:203
1.1300632,0.35434186,9.56723,01-20 09:40:27:224
1.1204864,0.34476504,9.595961,01-20 09:40:27:243
1.1971009,0.41180268,9.662998,01-20 09:40:27:263
1.2449849,0.47884035,9.662998,01-20 09:40:27:283
1.2066777,0.51714754,9.701305,01-20 09:40:27:304
1.1779473,0.4213795,9.758766,01-20 09:40:27:324
1.1300632,0.40222588,9.864111,01-20 09:40:27:343
1.1013328,0.41180268,9.931149,01-20 09:40:27:363
1.1204864,0.47884035,9.911995,01-20 09:40:27:384
1.1492168,0.47884035,9.835381,01-20 09:40:27:403
1.13964,0.50757074,9.739613,01-20 09:40:27:423
1.1779473,0.50757074,9.624691,01-20 09:40:27:443
1.1204864,0.46926352,9.662998,01-20 09:40:27:463
1.0726024,0.39264908,9.739613,01-20 09:40:27:483
1.0151415,0.34476504,9.77792,01-20 09:40:27:503
1.043872,0.37349546,9.739613,01-20 09:40:27:524
1.0630256,0.4309563,9.710882,01-20 09:40:27:543
1.1300632,0.45968673,9.624691,01-20 09:40:27:563
1.1875241,0.5363012,9.519346,01-20 09:40:27:583
1.2162545,0.5650316,9.576807,01-20 09:40:27:604
1.1971009,0.545878,9.653421,01-20 09:40:27:623
1.1204864,0.45010993,9.691729,01-20 09:40:27:643
1.043872,0.45010993,9.854534,01-20 09:40:27:664
1.0534488,0.30645782,10.036493,01-20 09:40:27:684
1.0151415,0.2681506,10.0269165,01-20 09:40:27:703
1.0534488,0.24899697,10.007763,01-20 09:40:27:723
1.0821792,0.31603462,10.0269165,01-20 09:40:27:743
1.1492168,0.37349546,9.988609,01-20 09:40:27:763
1.1109096,0.37349546,9.854534,01-20 09:40:27:783
1.0821792,0.35434186,9.730036,01-20 09:40:27:803
1.091756,0.32561144,9.643845,01-20 09:40:27:823
1.0726024,0.33518824,9.672575,01-20 09:40:27:843
1.0821792,0.35434186,9.586384,01-20 09:40:27:865
1.0247183,0.31603462,9.557653,01-20 09:40:27:883
0.92895025,0.23942018,9.739613,01-20 09:40:27:904
0.90021986,0.23942018,9.988609,01-20 09:40:27:923
0.92895025,0.2777274,10.007763,01-20 09:40:27:943
0.94810385,0.30645782,9.902418,01-20 09:40:27:965
1.0055647,0.30645782,9.844957,01-20 09:40:27:983
1.0151415,0.30645782,9.787497,01-20 09:40:28:003
1.0534488,0.2873042,9.749189,01-20 09:40:28:023
1.0821792,0.31603462,9.730036,01-20 09:40:28:043
1.091756,0.2681506,9.825804,01-20 09:40:28:063
0.9959879,0.24899697,9.931149,01-20 09:40:28:084
0.9768343,0.25857377,9.940725,01-20 09:40:28:103
1.0726024,0.33518824,9.768343,01-20 09:40:28:123
1.1779473,0.35434186,9.643845,01-20 09:40:28:145
1.1492168,0.4213795,9.634268,01-20 09:40:28:164
1.0630256,0.35434186,9.77792,01-20 09:40:28:184
0.9864111,0.2681506,9.873688,01-20 09:40:28:203
0.91937345,0.2777274,9.864111,01-20 09:40:28:223
0.94810385,0.30645782,9.835381,01-20 09:40:28:244
0.9768343,0.32561144,9.77792,01-20 09:40:28:263
1.0247183,0.37349546,9.739613,01-20 09:40:28:283
0.9672575,0.30645782,9.768343,01-20 09:40:28:303
0.8523358,0.2873042,9.825804,01-20 09:40:28:323
0.8810662,0.2681506,9.883265,01-20 09:40:28:343
0.90021986,0.31603462,9.873688,01-20 09:40:28:363
0.94810385,0.32561144,9.854534,01-20 09:40:28:383
0.94810385,0.30645782,9.768343,01-20 09:40:28:403
0.9576807,0.36391866,9.720459,01-20 09:40:28:423
0.9864111,0.34476504,9.701305,01-20 09:40:28:443
0.9576807,0.30645782,9.730036,01-20 09:40:28:463
0.89064306,0.30645782,9.720459,01-20 09:40:28:483
0.89064306,0.29688102,9.739613,01-20 09:40:28:503
0.90021986,0.33518824,9.720459,01-20 09:40:28:525
0.9576807,0.30645782,9.730036,01-20 09:40:28:543
0.90021986,0.2873042,9.77792,01-20 09:40:28:563
0.91937345,0.29688102,9.816227,01-20 09:40:28:583
0.94810385,0.33518824,9.854534,01-20 09:40:28:603
0.94810385,0.30645782,9.950302,01-20 09:40:28:623
0.92895025,0.33518824,9.931149,01-20 09:40:28:643
0.9672575,0.35434186,9.787497,01-20 09:40:28:663
0.94810385,0.37349546,9.844957,01-20 09:40:28:683
0.9959879,0.34476504,9.80665,01-20 09:40:28:703
0.9959879,0.35434186,9.682152,01-20 09:40:28:723
0.9768343,0.31603462,9.624691,01-20 09:40:28:743
0.82360536,0.25857377,9.615114,01-20 09:40:28:763
0.7565677,0.25857377,9.682152,01-20 09:40:28:783
0.8331822,0.22984336,9.662998,01-20 09:40:28:803
0.91937345,0.2873042,9.730036,01-20 09:40:28:823
0.92895025,0.29688102,9.672575,01-20 09:40:28:843
0.78529817,0.33518824,9.3661175,01-20 09:40:28:864
0.7086837,0.39264908,9.040505,01-20 09:40:28:883
0.641646,0.4213795,9.174581,01-20 09:40:28:903
0.6991069,0.36391866,9.883265,01-20 09:40:28:924
0.90979666,0.24899697,10.429143,01-20 09:40:28:943
1.0055647,0.23942018,10.515334,01-20 09:40:28:963
1.1587936,0.32561144,10.132261,01-20 09:40:28:984
1.1779473,0.39264908,9.797073,01-20 09:40:29:003
1.1204864,0.25857377,9.892841,01-20 09:40:29:023
0.94810385,0.06703765,10.189722,01-20 09:40:29:043
0.81402856,-0.038307227,10.314221,01-20 09:40:29:063
0.81402856,-0.047884032,10.0269165,01-20 09:40:29:083
0.80445176,0.009576807,9.615114,01-20 09:40:29:103
0.8523358,0.06703765,9.404425,01-20 09:40:29:124
0.842759,0.06703765,9.375694,01-20 09:40:29:144
0.7469909,0.009576807,9.653421,01-20 09:40:29:163
0.61291564,0.0,10.007763,01-20 09:40:29:183
0.59376204,0.019153614,9.9790325,01-20 09:40:29:203
0.61291564,0.06703765,9.797073,01-20 09:40:29:223
0.80445176,0.18195933,9.844957,01-20 09:40:29:243
0.8331822,0.19153613,9.9790325,01-20 09:40:29:263
0.82360536,0.20111294,9.921572,01-20 09:40:29:285
0.8331822,0.22984336,9.854534,01-20 09:40:29:304
0.90021986,0.18195933,9.864111,01-20 09:40:29:324
0.94810385,0.1340753,9.797073,01-20 09:40:29:343
0.82360536,0.15322891,9.797073,01-20 09:40:29:363
0.842759,0.08619126,9.80665,01-20 09:40:29:383
0.8619126,0.019153614,9.720459,01-20 09:40:29:403
0.8714894,0.06703765,9.844957,01-20 09:40:29:423
0.7565677,0.019153614,10.01734,01-20 09:40:29:443
0.60333884,0.0,10.103531,01-20 09:40:29:463
0.6703765,0.02873042,9.911995,01-20 09:40:29:485
0.641646,0.047884032,9.605537,01-20 09:40:29:503
0.7086837,0.0,9.519346,01-20 09:40:29:523
0.6703765,0.0,9.787497,01-20 09:40:29:543
0.63206923,-0.009576807,10.04607,01-20 09:40:29:563
0.6512229,-0.06703765,10.036493,01-20 09:40:29:583
-1.6184803,2.135628,9.14585,01-20 09:40:44:687
-1.5993267,2.231396,8.66701,01-20 09:40:44:703
-1.4077905,2.3558946,8.6095495,01-20 09:40:44:725
-1.1779473,2.2409728,8.810662,01-20 09:40:44:745
-0.9864111,2.2026656,9.270349,01-20 09:40:44:763
-0.842759,2.0685902,9.634268,01-20 09:40:44:793
-0.8331822,2.0015526,9.624691,01-20 09:40:44:803
-0.80445176,2.030283,9.634268,01-20 09:40:44:826
-0.81402856,2.1164744,9.634268,01-20 09:40:44:843
-0.842759,2.4037786,9.615114,01-20 09:40:44:863
-0.7661445,2.7006595,9.797073,01-20 09:40:44:892
-0.25857377,2.336741,9.758766,01-20 09:40:44:903
-0.61291564,1.0630256,9.299079,01-20 09:40:44:925
-1.3694834,1.5993267,10.04607,01-20 09:40:44:943
-1.2449849,1.6376339,10.850522,01-20 09:40:44:964
-1.1492168,1.7621324,10.879252,01-20 09:40:44:983
-0.7374141,1.5227122,9.816227,01-20 09:40:45:003
-1.5227122,1.0342951,8.437167,01-20 09:40:45:024
-1.340753,1.7908629,8.513782,01-20 09:40:45:051
-0.6799533,1.8962077,9.394848,01-20 09:40:45:063
-0.12449849,1.7525556,9.701305,01-20 09:40:45:083
0.10534488,1.6089035,9.730036,01-20 09:40:45:103
0.047884032,1.484405,9.414001,01-20 09:40:45:123
-0.29688102,1.4077905,9.3182335,01-20 09:40:45:143
-0.30645782,1.2641385,9.270349,01-20 09:40:45:163
-0.1436521,1.0630256,9.050082,01-20 09:40:45:183
-0.1340753,1.0534488,9.557653,01-20 09:40:45:203
-0.22026655,1.0247183,9.902418,01-20 09:40:45:223
-0.10534488,1.0247183,10.103531,01-20 09:40:45:243
0.0,1.043872,10.170568,01-20 09:40:45:263
0.02873042,1.0534488,10.036493,01-20 09:40:45:283
0.076614454,1.0151415,9.921572,01-20 09:40:45:305
0.047884032,0.89064306,9.902418,01-20 09:40:45:324
-0.02873042,0.842759,9.950302,01-20 09:40:45:344
-0.047884032,0.7757214,9.998186,01-20 09:40:45:363
0.0,0.6895301,9.940725,01-20 09:40:45:383
0.02873042,0.7086837,9.77792,01-20 09:40:45:403
-0.038307227,0.6799533,9.730036,01-20 09:40:45:423
-0.24899697,0.61291564,9.749189,01-20 09:40:45:443
-0.30645782,0.61291564,9.816227,01-20 09:40:45:464
-0.1340753,0.58418524,9.892841,01-20 09:40:45:486
0.009576807,0.59376204,9.950302,01-20 09:40:45:504
-0.009576807,0.641646,9.959879,01-20 09:40:45:523
-0.06703765,0.6512229,9.911995,01-20 09:40:45:543
-0.019153614,0.641646,9.844957,01-20 09:40:45:563
0.15322891,0.7661445,9.787497,01-20 09:40:45:583
0.1436521,0.81402856,9.758766,01-20 09:40:45:604
0.06703765,0.7086837,9.653421,01-20 09:40:45:623
0.038307227,0.7086837,9.615114,01-20 09:40:45:643
0.02873042,0.7661445,9.720459,01-20 09:40:45:663
0.05746084,0.7565677,9.873688,01-20 09:40:45:686
0.047884032,0.79487497,9.768343,01-20 09:40:45:703
0.02873042,0.8619126,9.605537,01-20 09:40:45:723
0.0,0.8523358,9.548077,01-20 09:40:45:743
0.05746084,0.8619126,9.768343,01-20 09:40:45:763
0.038307227,0.81402856,9.854534,01-20 09:40:45:783
0.05746084,0.78529817,9.902418,01-20 09:40:45:804
0.05746084,0.842759,9.940725,01-20 09:40:45:823
0.08619126,0.81402856,9.940725,01-20 09:40:45:843
0.02873042,0.81402856,9.959879,01-20 09:40:45:863
0.0,0.7182605,9.873688,01-20 09:40:45:883
0.0,0.7086837,9.710882,01-20 09:40:45:903
0.0,0.78529817,9.662998,01-20 09:40:45:924
0.02873042,0.78529817,9.682152,01-20 09:40:45:943
0.06703765,0.81402856,9.691729,01-20 09:40:45:963
0.009576807,0.8619126,9.758766,01-20 09:40:45:984
0.02873042,0.91937345,9.77792,01-20 09:40:46:003
0.038307227,0.8714894,9.835381,01-20 09:40:46:023
0.009576807,0.8619126,9.883265,01-20 09:40:46:043
0.019153614,0.8523358,9.883265,01-20 09:40:46:063
0.047884032,0.8331822,9.825804,01-20 09:40:46:083
0.009576807,0.8331822,9.710882,01-20 09:40:46:104
0.0,0.89064306,9.586384,01-20 09:40:46:123
0.0,0.842759,9.500193,01-20 09:40:46:143
0.019153614,0.842759,9.557653,01-20 09:40:46:163
0.02873042,0.842759,9.643845,01-20 09:40:46:183
0.009576807,0.81402856,9.701305,01-20 09:40:46:204
0.0,0.81402856,9.835381,01-20 09:40:46:223
0.02873042,0.89064306,9.787497,01-20 09:40:46:243
0.11492168,0.9959879,9.768343,01-20 09:40:46:263
0.11492168,1.0055647,9.844957,01-20 09:40:46:284
0.06703765,0.90021986,9.969456,01-20 09:40:46:304
0.095768064,0.89064306,9.988609,01-20 09:40:46:323
0.17238252,0.92895025,9.969456,01-20 09:40:46:343
0.20111294,0.94810385,9.835381,01-20 09:40:46:364
0.17238252,0.92895025,9.710882,01-20 09:40:46:383
0.047884032,0.8810662,9.615114,01-20 09:40:46:403
0.076614454,0.8714894,9.672575,01-20 09:40:46:423
0.10534488,0.90021986,9.844957,01-20 09:40:46:443
0.095768064,0.89064306,9.844957,01-20 09:40:46:463
0.08619126,0.89064306,9.77792,01-20 09:40:46:483
0.08619126,0.94810385,9.691729,01-20 09:40:46:503
0.1436521,0.9576807,9.758766,01-20 09:40:46:523
0.20111294,0.93852705,9.835381,01-20 09:40:46:543
0.11492168,0.92895025,9.844957,01-20 09:40:46:563
0.076614454,0.92895025,9.816227,01-20 09:40:46:583
0.095768064,0.90021986,9.80665,01-20 09:40:46:603
0.095768064,0.90979666,9.797073,01-20 09:40:46:623
0.05746084,0.8810662,9.844957,01-20 09:40:46:643
0.06703765,0.90979666,9.864111,01-20 09:40:46:664
0.05746084,0.8523358,9.787497,01-20 09:40:46:683
0.10534488,0.8619126,9.730036,01-20 09:40:46:703
0.16280572,0.90979666,9.758766,01-20 09:40:46:723
0.17238252,0.93852705,9.758766,01-20 09:40:46:743
0.1340753,0.94810385,9.701305,01-20 09:40:46:763
0.1436521,0.93852705,9.653421,01-20 09:40:46:783
0.1436521,0.93852705,9.701305,01-20 09:40:46:803
0.22026655,1.0151415,9.739613,01-20 09:40:46:824
0.29688102,1.0726024,9.710882,01-20 09:40:46:843
0.21068975,1.0342951,9.672575,01-20 09:40:46:864
0.095768064,0.9959879,9.576807,01-20 09:40:46:883
0.02873042,0.94810385,9.634268,01-20 09:40:46:903
0.08619126,0.9768343,9.844957,01-20 09:40:46:924
0.076614454,0.9576807,9.940725,01-20 09:40:46:943
0.095768064,0.94810385,9.911995,01-20 09:40:46:963
0.19153613,0.94810385,9.835381,01-20 09:40:46:983
0.16280572,0.94810385,9.710882,01-20 09:40:47:003
0.18195933,0.9959879,9.433155,01-20 09:40:47:023
0.30645782,1.091756,9.346964,01-20 09:40:47:043
0.2873042,1.0534488,9.624691,01-20 09:40:47:063
0.20111294,0.9768343,9.883265,01-20 09:40:47:083
0.1436521,0.9672575,9.80665,01-20 09:40:47:103
0.1436521,1.043872,9.653421,01-20 09:40:47:123
0.2681506,1.0342951,9.710882,01-20 09:40:47:143
0.35434186,1.0247183,9.787497,01-20 09:40:47:163
0.25857377,0.9672575,9.892841,01-20 09:40:47:183
0.21068975,0.8810662,9.931149,01-20 09:40:47:205
0.18195933,0.80445176,9.883265,01-20 09:40:47:223
0.16280572,0.9768343,9.931149,01-20 09:40:47:243
0.29688102,0.9768343,9.749189,01-20 09:40:47:263
0.23942018,0.9864111,9.624691,01-20 09:40:47:283
0.22026655,0.8810662,9.471462,01-20 09:40:47:303
0.21068975,0.9672575,9.528923,01-20 09:40:47:323
0.25857377,1.0055647,9.509769,01-20 09:40:47:343
0.30645782,0.9959879,9.56723,01-20 09:40:47:363
0.18195933,0.94810385,9.595961,01-20 09:40:47:384
0.076614454,0.89064306,9.720459,01-20 09:40:47:403
0.08619126,0.91937345,9.80665,01-20 09:40:47:423
0.08619126,0.8619126,9.758766,01-20 09:40:47:443
0.16280572,0.92895025,9.701305,01-20 09:40:47:463
0.2873042,0.89064306,9.720459,01-20 09:40:47:484
0.22026655,0.8331822,9.77792,01-20 09:40:47:503
0.1436521,0.7469909,9.749189,01-20 09:40:47:523
0.1436521,0.80445176,9.80665,01-20 09:40:47:543
0.22984336,0.90979666,9.797073,01-20 09:40:47:563
0.24899697,1.0151415,9.605537,01-20 09:40:47:583
0.2681506,0.9864111,9.500193,01-20 09:40:47:603
0.25857377,0.93852705,9.452309,01-20 09:40:47:623
0.18195933,0.8331822,9.586384,01-20 09:40:47:644
0.18195933,0.79487497,9.701305,01-20 09:40:47:663
0.10534488,0.7374141,9.825804,01-20 09:40:47:683
0.095768064,0.6703765,9.797073,01-20 09:40:47:703
0.1340753,0.6799533,9.615114,01-20 09:40:47:723
0.1436521,0.6512229,9.5385,01-20 09:40:47:743
0.12449849,0.60333884,9.605537,01-20 09:40:47:763
0.10534488,0.63206923,9.586384,01-20 09:40:47:783
0.22026655,0.641646,9.337387,01-20 09:40:47:803
0.19153613,0.641646,9.251195,01-20 09:40:47:823
0.19153613,0.5554548,9.375694,01-20 09:40:47:843
0.1436521,0.49799395,9.385271,01-20 09:40:47:863
0.12449849,0.4213795,9.212888,01-20 09:40:47:884
0.21068975,0.4309563,9.002198,01-20 09:40:47:903
0.29688102,0.49799395,8.734048,01-20 09:40:47:923
0.30645782,0.50757074,8.379706,01-20 09:40:47:943
0.25857377,0.4213795,8.025364,01-20 09:40:47:963
0.22984336,0.41180268,7.8146744,01-20 09:40:47:983
0.21068975,0.4213795,7.690176,01-20 09:40:48:003
0.31603462,0.4213795,7.3549876,01-20 09:40:48:023
0.5363012,0.37349546,6.9527617,01-20 09:40:48:043
0.5267244,0.25857377,6.7229185,01-20 09:40:48:063
0.1436521,0.20111294,7.192182,01-20 09:40:48:083
-0.02873042,0.038307227,8.00621,01-20 09:40:48:103
0.0,-0.23942018,8.255207,01-20 09:40:48:123
0.095768064,-0.24899697,8.1402855,01-20 09:40:48:143
0.23942018,-0.12449849,8.207323,01-20 09:40:48:163
0.38307226,0.0,8.532935,01-20 09:40:48:183
0.2777274,-0.16280572,8.896853,01-20 09:40:48:203
0.038307227,-0.40222588,9.11712,01-20 09:40:48:223
-0.1340753,-0.62249243,9.404425,01-20 09:40:48:243
-0.08619126,-0.6512229,9.653421,01-20 09:40:48:263
0.06703765,-0.59376204,9.749189,01-20 09:40:48:284
0.22026655,-0.5554548,9.835381,01-20 09:40:48:303
0.20111294,-0.6607997,9.988609,01-20 09:40:48:323
0.076614454,-0.79487497,9.998186,01-20 09:40:48:346
-0.047884032,-0.89064306,9.825804,01-20 09:40:48:364
-0.11492168,-0.82360536,9.749189,01-20 09:40:48:384
0.009576807,-0.7374141,9.787497,01-20 09:40:48:403
0.009576807,-0.6895301,9.931149,01-20 09:40:48:423
0.076614454,-0.6799533,10.505757,01-20 09:40:48:443
0.019153614,-0.7182605,10.898406,01-20 09:40:48:463
-0.038307227,-0.7278373,10.821792,01-20 09:40:48:483
-0.06703765,-0.7086837,10.563218,01-20 09:40:48:503
0.16280572,-0.7182605,10.668563,01-20 09:40:48:523
0.41180268,-0.6799533,11.36767,01-20 09:40:48:543
0.7374141,-0.90979666,11.971008,01-20 09:40:48:563
0.82360536,-1.2354081,12.210428,01-20 09:40:48:583
0.5746084,-1.484405,12.277467,01-20 09:40:48:604
0.38307226,-1.5897499,12.287044,01-20 09:40:48:623
0.39264908,-1.5993267,12.469003,01-20 09:40:48:643
0.7278373,-1.532289,13.206416,01-20 09:40:48:664
1.2545617,-1.340753,13.64695,01-20 09:40:48:683
1.2737153,-1.2354081,13.522451,01-20 09:40:48:703
0.91937345,-1.0726024,13.177686,01-20 09:40:48:723
0.5650316,-0.90021986,12.344504,01-20 09:40:48:744
0.2681506,-0.58418524,11.693281,01-20 09:40:48:764
0.06703765,-0.33518824,11.626244,01-20 09:40:48:784
-0.038307227,-0.12449849,12.124237,01-20 09:40:48:803
-0.2873042,0.019153614,12.162544,01-20 09:40:48:823
-0.39264908,0.038307227,11.109096,01-20 09:40:48:844
-0.37349546,0.23942018,9.844957,01-20 09:40:48:864
-0.1436521,0.60333884,8.781932,01-20 09:40:48:883
0.17238252,1.043872,8.676587,01-20 09:40:48:903
0.5746084,1.1683705,9.174581,01-20 09:40:48:925
0.7374141,1.0726024,9.998186,01-20 09:40:48:943
0.7565677,0.7661445,10.697293,01-20 09:40:48:963
0.8619126,0.31603462,11.070788,01-20 09:40:48:983
0.7086837,0.019153614,11.233594,01-20 09:40:49:003
0.45010993,-0.17238252,11.195287,01-20 09:40:49:023
0.4309563,-0.35434186,10.658986,01-20 09:40:49:043
0.2873042,-0.4213795,9.969456,01-20 09:40:49:064
0.4213795,-0.23942018,9.433155,01-20 09:40:49:083
0.78529817,0.047884032,9.021352,01-20 09:40:49:106
0.9864111,0.34476504,8.743625,01-20 09:40:49:123
0.90021986,0.5267244,8.619126,01-20 09:40:49:144
0.7278373,0.46926352,8.66701,01-20 09:40:49:163
0.641646,0.4309563,8.686164,01-20 09:40:49:183
0.47884035,0.5363012,9.069236,01-20 09:40:49:203
0.545878,0.58418524,9.452309,01-20 09:40:49:224
0.5650316,0.59376204,9.730036,01-20 09:40:49:243
0.48841715,0.61291564,9.892841,01-20 09:40:49:263
0.40222588,0.63206923,9.902418,01-20 09:40:49:283
0.36391866,0.60333884,9.883265,01-20 09:40:49:303
0.5650316,0.7661445,9.758766,01-20 09:40:49:323
0.60333884,1.043872,9.682152,01-20 09:40:49:343
0.60333884,1.1779473,9.662998,01-20 09:40:49:363
0.6895301,1.1492168,9.5385,01-20 09:40:49:383
0.5650316,1.13964,9.394848,01-20 09:40:49:403
0.5746084,1.1587936,9.32781,01-20 09:40:49:423
0.59376204,1.1971009,9.394848,01-20 09:40:49:443
0.545878,1.1204864,9.528923,01-20 09:40:49:463
0.45968673,1.1204864,9.662998,01-20 09:40:49:483
0.4405331,1.1300632,9.691729,01-20 09:40:49:503
0.545878,1.1492168,9.615114,01-20 09:40:49:523
0.6512229,1.2449849,9.701305,01-20 09:40:49:543
0.60333884,1.2737153,9.768343,01-20 09:40:49:563
0.63206923,1.2162545,9.739613,01-20 09:40:49:585
0.6799533,1.2354081,9.576807,01-20 09:40:49:603
0.6703765,1.283292,9.490616,01-20 09:40:49:623
0.6512229,1.292869,9.557653,01-20 09:40:49:643
0.62249243,1.283292,9.557653,01-20 09:40:49:663
0.59376204,1.2737153,9.452309,01-20 09:40:49:683
0.61291564,1.3215994,9.481039,01-20 09:40:49:704
0.545878,1.3503298,9.624691,01-20 09:40:49:724
0.47884035,1.2258313,9.77792,01-20 09:40:49:743
0.48841715,1.2354081,9.844957,01-20 09:40:49:763
0.46926352,1.3503298,9.825804,01-20 09:40:49:785
0.5746084,1.4460979,9.844957,01-20 09:40:49:803
0.49799395,1.5131354,10.065224,01-20 09:40:49:824
0.40222588,1.3599066,10.103531,01-20 09:40:49:843
0.35434186,1.3694834,9.883265,01-20 09:40:49:863
0.5267244,1.292869,9.605537,01-20 09:40:49:884
0.45010993,1.3024458,9.414001,01-20 09:40:49:904
0.25857377,1.3982137,9.56723,01-20 09:40:49:925
0.2681506,1.3790601,9.825804,01-20 09:40:49:943
0.2873042,1.1971009,9.835381,01-20 09:40:49:964
0.20111294,1.1971009,9.528923,01-20 09:40:49:985
0.23942018,1.1779473,9.260772,01-20 09:40:50:003
0.18195933,1.1779473,9.126697,01-20 09:40:50:023
0.16280572,1.292869,9.423578,01-20 09:40:50:043
0.019153614,1.4556746,9.825804,01-20 09:40:50:064
0.076614454,1.4269443,9.816227,01-20 09:40:50:085
0.4213795,1.1971009,9.385271,01-20 09:40:50:104
0.5650316,1.13964,9.232041,01-20 09:40:50:123
0.45010993,1.340753,9.433155,01-20 09:40:50:143
0.35434186,1.5035586,9.720459,01-20 09:40:50:165
0.23942018,1.5705963,9.854534,01-20 09:40:50:186
0.46926352,1.4269443,9.615114,01-20 09:40:50:203
0.6991069,1.283292,9.414001,01-20 09:40:50:223
0.6895301,1.388637,9.701305,01-20 09:40:50:243
0.545878,1.4556746,10.228029,01-20 09:40:50:263
0.59376204,1.3790601,10.362105,01-20 09:40:50:283
0.78529817,1.1683705,9.969456,01-20 09:40:50:303
0.90021986,1.1109096,9.730036,01-20 09:40:50:323
0.8331822,1.1300632,9.624691,01-20 09:40:50:343
0.80445176,1.13964,9.749189,01-20 09:40:50:363
0.7661445,1.1013328,9.835381,01-20 09:40:50:383
0.7757214,0.94810385,9.691729,01-20 09:40:50:403
0.7278373,0.8619126,9.509769,01-20 09:40:50:423
0.6607997,0.89064306,9.442732,01-20 09:40:50:443
0.6703765,1.0247183,9.548077,01-20 09:40:50:463
0.6895301,1.1013328,9.710882,01-20 09:40:50:483
0.7278373,1.0247183,9.749189,01-20 09:40:50:503
0.6895301,1.0342951,9.691729,01-20 09:40:50:523
0.6607997,1.043872,9.701305,01-20 09:40:50:545
0.59376204,1.091756,9.873688,01-20 09:40:50:563
0.6512229,1.0151415,9.931149,01-20 09:40:50:583
0.6607997,1.0342951,9.940725,01-20 09:40:50:603
0.641646,1.0055647,9.854534,01-20 09:40:50:623
0.63206923,0.9959879,9.682152,01-20 09:40:50:643
0.61291564,1.0151415,9.653421,01-20 09:40:50:663
0.63206923,1.0630256,9.835381,01-20 09:40:50:683
0.641646,0.94810385,9.959879,01-20 09:40:50:703
0.6895301,0.9864111,10.007763,01-20 09:40:50:726
0.6991069,1.0342951,9.787497,01-20 09:40:50:743
0.7661445,1.091756,9.576807,01-20 09:40:50:763
0.63206923,1.0726024,9.557653,01-20 09:40:50:783
0.7086837,1.0534488,9.442732,01-20 09:40:50:803
0.842759,1.1492168,9.461885,01-20 09:40:50:824
0.7374141,1.1013328,9.653421,01-20 09:40:50:844
0.63206923,0.9959879,9.902418,01-20 09:40:50:863
0.61291564,0.9959879,9.931149,01-20 09:40:50:883
0.60333884,1.0151415,9.682152,01-20 09:40:50:903
0.6607997,1.0726024,9.423578,01-20 09:40:50:923
0.6607997,1.1013328,9.414001,01-20 09:40:50:943
0.7661445,1.043872,9.643845,01-20 09:40:50:963
0.8810662,0.9864111,9.902418,01-20 09:40:50:983
0.8619126,0.94810385,9.959879,01-20 09:40:51:003
0.81402856,0.8810662,9.883265,01-20 09:40:51:023
0.82360536,0.8619126,9.825804,01-20 09:40:51:043
0.78529817,0.93852705,9.864111,01-20 09:40:51:063
0.92895025,0.9672575,9.787497,01-20 09:40:51:084
1.0151415,1.1300632,9.720459,01-20 09:40:51:103
0.9959879,1.13964,9.653421,01-20 09:40:51:123
0.9672575,1.1013328,9.710882,01-20 09:40:51:143
0.90021986,1.091756,9.80665,01-20 09:40:51:163
0.9768343,1.0534488,9.844957,01-20 09:40:51:183
1.0151415,1.0534488,9.758766,01-20 09:40:51:205
1.0247183,0.9768343,9.816227,01-20 09:40:51:224
0.89064306,0.93852705,9.998186,01-20 09:40:51:244
0.7757214,0.79487497,10.093954,01-20 09:40:51:263
0.7661445,0.7757214,9.921572,01-20 09:40:51:283
0.82360536,0.8523358,9.739613,01-20 09:40:51:303
0.90021986,0.94810385,9.710882,01-20 09:40:51:324
0.842759,0.93852705,9.672575,01-20 09:40:51:343
0.82360536,0.89064306,9.586384,01-20 09:40:51:363
0.78529817,0.8523358,9.461885,01-20 09:40:51:383
0.7661445,0.842759,9.576807,01-20 09:40:51:403
0.7182605,0.90021986,9.80665,01-20 09:40:51:423
0.7661445,0.89064306,9.931149,01-20 09:40:51:443
0.78529817,0.92895025,9.864111,01-20 09:40:51:463
0.7757214,0.93852705,9.80665,01-20 09:40:51:483
0.8619126,1.0055647,9.768343,01-20 09:40:51:503
0.8714894,1.0151415,9.691729,01-20 09:40:51:523
0.93852705,1.043872,9.720459,01-20 09:40:51:543
0.8810662,1.0151415,9.80665,01-20 09:40:51:563
0.89064306,0.9576807,9.873688,01-20 09:40:51:583
0.8331822,0.9864111,9.797073,01-20 09:40:51:603
0.89064306,0.93852705,9.672575,01-20 09:40:51:623
0.80445176,0.9959879,9.634268,01-20 09:40:51:643
0.7757214,0.9768343,9.701305,01-20 09:40:51:663
0.7374141,0.93852705,9.634268,01-20 09:40:51:683
0.7374141,0.94810385,9.634268,01-20 09:40:51:704
0.7469909,0.8714894,9.80665,01-20 09:40:51:723
0.6799533,0.8331822,9.959879,01-20 09:40:51:743
0.63206923,0.79487497,9.873688,01-20 09:40:51:763
0.6512229,0.89064306,9.787497,01-20 09:40:51:783
0.7278373,0.8619126,9.80665,01-20 09:40:51:804
0.6991069,0.82360536,9.825804,01-20 09:40:51:823
0.6991069,0.7661445,9.77792,01-20 09:40:51:843
0.6512229,0.7661445,9.701305,01-20 09:40:51:863
0.7086837,0.8523358,9.643845,01-20 09:40:51:884
0.7374141,0.90021986,9.643845,01-20 09:40:51:903
0.78529817,0.90979666,9.730036,01-20 09:40:51:923
0.7661445,0.8619126,9.787497,01-20 09:40:51:943
0.6991069,0.8619126,9.80665,01-20 09:40:51:963
0.7374141,0.81402856,9.691729,01-20 09:40:51:983
0.7086837,0.8714894,9.634268,01-20 09:40:52:003
0.7469909,0.81402856,9.691729,01-20 09:40:52:024
0.63206923,0.80445176,9.835381,01-20 09:40:52:043
0.6991069,0.7469909,9.825804,01-20 09:40:52:063
0.6991069,0.7086837,9.701305,01-20 09:40:52:084
0.6799533,0.6703765,9.682152,01-20 09:40:52:104
0.50757074,0.7374141,10.04607,01-20 09:40:52:123
0.5363012,0.62249243,10.314221,01-20 09:40:52:143
0.5650316,0.51714754,10.400413,01-20 09:40:52:163
0.5267244,0.4213795,9.988609,01-20 09:40:52:183
0.49799395,0.49799395,9.730036,01-20 09:40:52:203
0.641646,0.60333884,9.816227,01-20 09:40:52:223
