-0.6512229,1.436521,8.264784,01-15 15:13:07:645
-0.7278373,1.4173675,8.034941,01-15 15:13:07:648
-0.7565677,1.4269443,7.9104424,01-15 15:13:07:652
-0.8523358,1.4077905,7.929596,01-15 15:13:07:656
-0.7374141,1.7238252,8.00621,01-15 15:13:07:660
-0.63206923,1.934515,8.475474,01-15 15:13:07:664
-0.6703765,1.733402,8.858546,01-15 15:13:07:668
-0.6703765,1.5227122,8.887277,01-15 15:13:07:672
-0.7182605,1.2737153,8.8777,01-15 15:13:07:676
-0.8331822,1.043872,9.002198,01-15 15:13:07:680
-1.0151415,0.8523358,9.126697,01-15 15:13:07:684
-1.3024458,0.46926352,9.3661175,01-15 15:13:07:688
-1.5705963,0.22026655,9.557653,01-15 15:13:07:692
-1.685518,0.20111294,9.662998,01-15 15:13:07:696
-1.7046716,0.34476504,9.787497,01-15 15:13:07:700
-1.685518,0.47884035,9.921572,01-15 15:13:07:711
-1.6472107,0.61291564,10.055647,01-15 15:13:07:712
-1.6184803,0.6895301,10.199299,01-15 15:13:07:714
-1.6280571,0.6991069,10.25676,01-15 15:13:07:715
-1.5801731,0.6512229,10.333375,01-15 15:13:07:723
-1.4748282,0.5650316,10.381259,01-15 15:13:07:724
-1.3120226,0.46926352,10.371682,01-15 15:13:07:728
-1.091756,0.41180268,10.28549,01-15 15:13:07:732
-0.7757214,0.34476504,10.113108,01-15 15:13:07:738
-0.50757074,0.32561144,9.902418,01-15 15:13:07:740
-0.20111294,0.32561144,9.643845,01-15 15:13:07:744
0.02873042,0.34476504,9.232041,01-15 15:13:07:748
0.08619126,0.4405331,8.868123,01-15 15:13:07:752
0.12449849,0.5363012,8.485051,01-15 15:13:07:760
0.10534488,0.61291564,8.101978,01-15 15:13:07:762
0.0,0.63206923,7.795521,01-15 15:13:07:763
-0.11492168,0.6799533,7.479486,01-15 15:13:07:768
-0.21068975,0.6991069,7.28795,01-15 15:13:07:777
-0.31603462,0.7469909,7.2592196,01-15 15:13:07:778
-0.34476504,0.842759,7.326257,01-15 15:13:07:780
-0.36391866,0.9576807,7.479486,01-15 15:13:07:783
-0.35434186,1.0726024,7.7093296,01-15 15:13:07:794
-0.29688102,1.2066777,8.063671,01-15 15:13:07:795
-0.22026655,1.3599066,8.379706,01-15 15:13:07:796
-0.11492168,1.4748282,8.686164,01-15 15:13:07:800
0.0,1.532289,9.011775,01-15 15:13:07:804
0.1436521,1.6089035,9.212888,01-15 15:13:07:808
0.2777274,1.6567876,9.404425,01-15 15:13:07:812
0.38307226,1.6759412,9.490616,01-15 15:13:07:816
0.1340753,1.5514427,10.477027,01-15 15:13:07:826
-0.1436521,1.484405,12.181698,01-15 15:13:07:827
0.38307226,1.3982137,11.540052,01-15 15:13:07:829
0.92895025,1.1779473,10.141838,01-15 15:13:07:831
1.2449849,0.8523358,9.203311,01-15 15:13:07:837
1.283292,0.63206923,8.724471,01-15 15:13:07:840
1.0342951,0.58418524,8.791509,01-15 15:13:07:844
0.79487497,0.62249243,8.973468,01-15 15:13:07:848
0.641646,0.7565677,9.021352,01-15 15:13:07:854
0.7182605,0.7565677,8.839393,01-15 15:13:07:856
0.8714894,0.7278373,8.676587,01-15 15:13:07:860
1.1013328,0.7374141,8.628703,01-15 15:13:07:864
1.3311762,0.6607997,8.561666,01-15 15:13:07:871
1.532289,0.62249243,8.39886,01-15 15:13:07:872
1.8004397,0.545878,8.169016,01-15 15:13:07:876
2.030283,0.45010993,8.015787,01-15 15:13:07:880
2.2409728,0.21068975,7.73806,01-15 15:13:07:883
2.4133554,0.11492168,7.97748,01-15 15:13:07:893
2.633622,0.2873042,8.418014,01-15 15:13:07:894
2.8634653,0.59376204,8.695741,01-15 15:13:07:896
3.0454245,1.043872,8.954314,01-15 15:13:07:900
3.083732,1.4077905,9.11712,01-15 15:13:07:909
2.9975405,1.7046716,9.222465,01-15 15:13:07:911
2.777274,1.9919758,9.385271,01-15 15:13:07:912
2.5187001,2.0973208,9.624691,01-15 15:13:07:915
2.2505496,2.078167,9.787497,01-15 15:13:07:921
1.9919758,1.9057846,9.854534,01-15 15:13:07:924
1.8100165,1.6950948,9.883265,01-15 15:13:07:928
1.7046716,1.4077905,9.797073,01-15 15:13:07:932
1.6759412,1.0630256,9.500193,01-15 15:13:07:937
1.7142484,0.7565677,9.193734,01-15 15:13:07:940
1.7429788,0.46926352,8.8777,01-15 15:13:07:944
1.7908629,0.23942018,8.542512,01-15 15:13:07:948
1.8387469,0.11492168,8.303091,01-15 15:13:07:954
1.9249382,0.047884032,8.207323,01-15 15:13:07:957
1.982399,0.05746084,8.178593,01-15 15:13:07:960
1.9919758,0.10534488,8.1881695,01-15 15:13:07:964
1.982399,0.20111294,8.264784,01-15 15:13:07:975
2.0111294,0.31603462,8.465898,01-15 15:13:07:976
2.0494366,0.46926352,8.66701,01-15 15:13:07:977
2.1452048,0.5554548,8.820239,01-15 15:13:07:980
2.2601264,0.58418524,8.935161,01-15 15:13:07:985
2.327164,0.60333884,9.002198,01-15 15:13:07:992
2.4516625,0.63206923,8.992621,01-15 15:13:07:993
2.566584,0.5746084,8.983045,01-15 15:13:07:996
2.6910827,0.50757074,8.992621,01-15 15:13:08:000
2.72939,0.41180268,9.011775,01-15 15:13:08:004
2.7581203,0.29688102,8.973468,01-15 15:13:08:008
2.767697,0.22984336,8.887277,01-15 15:13:08:011
2.767697,0.15322891,8.734048,01-15 15:13:08:016
2.6719291,0.095768064,8.322245,01-15 15:13:08:020
2.5378537,-0.038307227,7.920019,01-15 15:13:08:024
2.566584,-0.1340753,8.0924015,01-15 15:13:08:028
2.815581,-0.20111294,8.341399,01-15 15:13:08:031
2.873042,-0.17238252,8.532935,01-15 15:13:08:036
2.882619,-0.076614454,8.6574335,01-15 15:13:08:040
2.6623523,-0.46926352,8.24563,01-15 15:13:08:044
2.528277,-0.8331822,7.699753,01-15 15:13:08:047
2.5187001,-0.94810385,7.489063,01-15 15:13:08:054
2.3750482,-0.82360536,7.4986396,01-15 15:13:08:056
2.2218192,-0.6703765,7.479486,01-15 15:13:08:060
2.4516625,-0.5267244,7.422025,01-15 15:13:08:063
2.6048915,-0.4309563,7.374141,01-15 15:13:08:068
2.7581203,-0.38307226,7.4028716,01-15 15:13:08:072
2.834735,-0.33518824,7.5848308,01-15 15:13:08:076
2.96881,-0.37349546,7.7667904,01-15 15:13:08:080
3.6104562,-0.79487497,7.5944076,01-15 15:13:08:086
3.8786068,-0.842759,8.00621,01-15 15:13:08:088
3.8307228,-0.6991069,8.389283,01-15 15:13:08:092
3.821146,-0.5554548,8.695741,01-15 15:13:08:095
3.8498764,-0.30645782,9.050082,01-15 15:13:08:103
3.9360676,-0.11492168,9.241618,01-15 15:13:08:104
3.9839516,0.009576807,9.452309,01-15 15:13:08:108
4.060566,0.1340753,9.653421,01-15 15:13:08:112
4.1180267,0.18195933,9.787497,01-15 15:13:08:116
4.185065,0.15322891,9.873688,01-15 15:13:08:126
4.232949,0.019153614,9.940725,01-15 15:13:08:129
4.213795,-0.1436521,9.902418,01-15 15:13:08:131
4.146757,-0.34476504,9.77792,01-15 15:13:08:133
3.9743748,-0.60333884,9.615114,01-15 15:13:08:143
3.7924154,-0.79487497,9.385271,01-15 15:13:08:145
3.572149,-1.0151415,9.069236,01-15 15:13:08:147
3.323152,-1.2066777,8.6574335,01-15 15:13:08:149
3.1507695,-1.3790601,8.24563,01-15 15:13:08:159
2.96881,-1.4460979,7.9104424,01-15 15:13:08:161
2.6240451,-1.3024458,7.785944,01-15 15:13:08:163
2.4229321,-1.0726024,7.747637,01-15 15:13:08:165
2.384625,-0.93852705,7.73806,01-15 15:13:08:175
2.585738,-0.842759,7.8050976,01-15 15:13:08:176
2.8060043,-0.81402856,7.8625584,01-15 15:13:08:177
3.1028855,-0.79487497,8.034941,01-15 15:13:08:180
3.514688,-0.6895301,8.331821,01-15 15:13:08:185
3.9743748,-0.49799395,8.66701,01-15 15:13:08:188
4.414908,-0.31603462,9.011775,01-15 15:13:08:191
4.8458643,-0.095768064,9.500193,01-15 15:13:08:195
5.161899,0.095768064,9.921572,01-15 15:13:08:201
5.4300494,0.25857377,10.362105,01-15 15:13:08:204
5.6982,0.50757074,10.840945,01-15 15:13:08:207
5.889736,0.6895301,11.070788,01-15 15:13:08:212
5.9759274,0.78529817,11.176133,01-15 15:13:08:218
5.7843914,0.80445176,11.061212,01-15 15:13:08:220
5.717354,0.80445176,10.860099,01-15 15:13:08:224
5.66947,0.8523358,10.620679,01-15 15:13:08:228
5.6215854,0.92895025,10.295067,01-15 15:13:08:234
5.535394,0.93852705,10.0748005,01-15 15:13:08:236
5.4204726,0.9576807,9.950302,01-15 15:13:08:240
5.3247046,0.94810385,9.950302,01-15 15:13:08:243
5.1810527,0.9768343,10.103531,01-15 15:13:08:247
5.1140146,0.9768343,10.457873,01-15 15:13:08:252
5.209783,0.9576807,11.013328,01-15 15:13:08:256
5.3821654,0.9959879,11.530476,01-15 15:13:08:260
5.583278,1.0151415,11.9135475,01-15 15:13:08:264
5.707777,1.0247183,12.258312,01-15 15:13:08:275
5.765238,1.0342951,12.4785795,01-15 15:13:08:276
5.793968,1.0055647,12.641385,01-15 15:13:08:277
5.8226986,0.9768343,12.756307,01-15 15:13:08:279
5.841852,1.0055647,12.794614,01-15 15:13:08:285
5.765238,1.1204864,12.727576,01-15 15:13:08:288
5.755661,1.1971009,12.555194,01-15 15:13:08:291
5.7748146,1.2354081,12.363658,01-15 15:13:08:296
5.7365074,1.2449849,12.143391,01-15 15:13:08:301
5.6120086,1.2737153,11.942278,01-15 15:13:08:304
5.410896,1.283292,11.760319,01-15 15:13:08:308
5.410896,1.2066777,11.674128,01-15 15:13:08:312
5.2768207,1.2258313,11.63582,01-15 15:13:08:317
5.3247046,1.1300632,11.702858,01-15 15:13:08:320
5.363012,1.043872,11.84651,01-15 15:13:08:324
5.267244,0.9864111,12.0093155,01-15 15:13:08:327
5.1235914,1.043872,12.181698,01-15 15:13:08:334
5.056554,1.0534488,12.229582,01-15 15:13:08:336
5.142745,0.9768343,12.095507,01-15 15:13:08:340
5.21936,0.90021986,11.942278,01-15 15:13:08:344
5.267244,0.89064306,11.712435,01-15 15:13:08:358
5.2863975,0.8810662,11.425131,01-15 15:13:08:359
5.315128,0.93852705,11.21444,01-15 15:13:08:360
5.267244,1.043872,10.907983,01-15 15:13:08:362
5.2385135,1.1204864,10.668563,01-15 15:13:08:364
5.3438582,1.13964,10.563218,01-15 15:13:08:374
5.449203,1.1492168,10.477027,01-15 15:13:08:376
5.6120086,1.1300632,10.448297,01-15 15:13:08:377
5.765238,1.0534488,10.46745,01-15 15:13:08:380
5.8226986,0.9959879,10.419566,01-15 15:13:08:392
5.8226986,0.9959879,10.333375,01-15 15:13:08:393
5.813122,0.9959879,10.141838,01-15 15:13:08:394
5.7748146,0.93852705,9.873688,01-15 15:13:08:396
5.6790466,0.9672575,9.595961,01-15 15:13:08:400
5.631162,0.92895025,9.385271,01-15 15:13:08:404
5.583278,0.81402856,9.222465,01-15 15:13:08:408
5.554548,0.7661445,9.126697,01-15 15:13:08:412
5.506664,0.6607997,9.069236,01-15 15:13:08:424
5.363012,0.48841715,9.021352,01-15 15:13:08:425
5.2002063,0.36391866,8.973468,01-15 15:13:08:426
5.0278234,0.22026655,8.954314,01-15 15:13:08:428
4.76925,-0.038307227,8.944737,01-15 15:13:08:440
4.5872903,-0.24899697,9.030929,01-15 15:13:08:442
4.357447,-0.40222588,9.14585,01-15 15:13:08:443
4.1371803,-0.5363012,9.299079,01-15 15:13:08:444
4.012682,-0.58418524,9.452309,01-15 15:13:08:458
4.0222588,-0.5746084,9.548077,01-15 15:13:08:459
4.232949,-0.5554548,9.595961,01-15 15:13:08:460
4.4340615,-0.4405331,9.691729,01-15 15:13:08:461
4.596867,-0.2681506,9.749189,01-15 15:13:08:466
4.721366,-0.095768064,9.730036,01-15 15:13:08:468
4.7884035,0.019153614,9.653421,01-15 15:13:08:472
4.76925,0.076614454,9.433155,01-15 15:13:08:476
4.55856,0.25857377,9.184157,01-15 15:13:08:480
4.5777135,0.30645782,8.925584,01-15 15:13:08:485
4.7309427,0.30645782,8.647857,01-15 15:13:08:488
4.721366,0.32561144,8.379706,01-15 15:13:08:492
4.6351743,0.30645782,8.226477,01-15 15:13:08:496
4.644751,0.2777274,8.101978,01-15 15:13:08:502
4.6160207,0.2873042,8.025364,01-15 15:13:08:504
4.4915223,0.30645782,7.920019,01-15 15:13:08:508
4.3766007,0.34476504,7.8625584,01-15 15:13:08:512
4.309563,0.33518824,7.728483,01-15 15:13:08:516
4.213795,0.24899697,7.651869,01-15 15:13:08:520
4.1371803,0.12449849,7.5465236,01-15 15:13:08:524
4.0318356,-0.038307227,7.326257,01-15 15:13:08:527
3.9743748,-0.2777274,6.4547677,01-15 15:13:08:533
3.8786068,-0.05746084,7.7189064,01-15 15:13:08:538
3.821146,-0.038307227,7.97748,01-15 15:13:08:540
3.7445314,-0.019153614,8.418014,01-15 15:13:08:543
3.6966474,0.0,8.7053175,01-15 15:13:08:549
3.620033,0.0,8.848969,01-15 15:13:08:552
3.667917,0.019153614,8.925584,01-15 15:13:08:556
3.7349546,0.06703765,8.963891,01-15 15:13:08:560
3.9552212,0.12449849,9.002198,01-15 15:13:08:565
4.060566,0.19153613,8.973468,01-15 15:13:08:568
4.175488,0.17238252,8.954314,01-15 15:13:08:572
4.156334,0.17238252,8.954314,01-15 15:13:08:575
3.9360676,0.33518824,9.011775,01-15 15:13:08:581
3.5529952,0.5554548,9.193734,01-15 15:13:08:584
3.514688,0.46926352,9.011775,01-15 15:13:08:588
3.5529952,0.31603462,8.896853,01-15 15:13:08:591
3.6391866,0.076614454,8.781932,01-15 15:13:08:599
3.7828386,-0.15322891,8.619126,01-15 15:13:08:600
3.9360676,-0.36391866,8.475474,01-15 15:13:08:604
4.175488,-0.5267244,8.24563,01-15 15:13:08:608
4.4819455,-0.7278373,7.967903,01-15 15:13:08:611
4.76925,-0.8619126,7.7093296,01-15 15:13:08:616
4.8937483,-0.91937345,7.422025,01-15 15:13:08:620
4.7405195,-0.7469909,7.326257,01-15 15:13:08:624
4.462792,-0.45010993,7.3549876,01-15 15:13:08:628
4.1371803,-0.15322891,7.4603324,01-15 15:13:08:632
3.964798,0.095768064,7.603985,01-15 15:13:08:636
3.7445314,0.0,7.699753,01-15 15:13:08:640
3.5529952,-0.16280572,7.785944,01-15 15:13:08:644
4.31914,-0.1436521,7.967903,01-15 15:13:08:648
4.4340615,0.1436521,8.121132,01-15 15:13:08:652
4.7405195,0.38307226,8.226477,01-15 15:13:08:656
4.9799395,0.6703765,8.39886,01-15 15:13:08:659
5.046977,0.7757214,8.504205,01-15 15:13:08:664
5.094861,0.7182605,8.647857,01-15 15:13:08:668
5.161899,0.60333884,8.762778,01-15 15:13:08:672
5.1906295,0.5267244,8.791509,01-15 15:13:08:675
5.171476,0.46926352,8.781932,01-15 15:13:08:681
5.046977,0.4213795,8.628703,01-15 15:13:08:684
4.903325,0.35434186,8.485051,01-15 15:13:08:688
4.711789,0.24899697,8.264784,01-15 15:13:08:692
4.548983,0.12449849,8.073248,01-15 15:13:08:698
4.3382936,0.019153614,7.833828,01-15 15:13:08:700
4.10845,-0.076614454,7.565677,01-15 15:13:08:703
3.8594532,-0.18195933,7.326257,01-15 15:13:08:708
3.7349546,-0.30645782,7.1155677,01-15 15:13:08:714
3.715801,-0.39264908,6.933608,01-15 15:13:08:716
3.8402996,-0.39264908,6.9048777,01-15 15:13:08:720
4.003105,-0.36391866,6.8569937,01-15 15:13:08:723
4.2042184,-0.33518824,6.8665705,01-15 15:13:08:728
4.2904096,-0.2873042,6.8282633,01-15 15:13:08:732
4.309563,-0.32561144,6.751649,01-15 15:13:08:736
4.2999864,-0.37349546,6.5601125,01-15 15:13:08:740
4.271256,-0.4213795,6.2728086,01-15 15:13:08:743
3.667917,-0.4309563,5.9184666,01-15 15:13:08:748
4.2521024,-0.6703765,5.554548,01-15 15:13:08:752
4.2999864,-0.7278373,5.257667,01-15 15:13:08:758
5.056554,-1.2449849,4.9799395,01-15 15:13:08:760
6.646304,-2.1547816,4.903325,01-15 15:13:08:767
6.9623384,-2.5378537,4.999093,01-15 15:13:08:768
6.397307,-2.681506,5.142745,01-15 15:13:08:772
4.9224787,-2.5570073,5.391742,01-15 15:13:08:776
3.371036,-2.327164,5.45878,01-15 15:13:08:786
1.9249382,-2.078167,5.3725886,01-15 15:13:08:787
0.6703765,-1.8579005,5.046977,01-15 15:13:08:790
0.0,-1.7429788,4.7788267,01-15 15:13:08:821
-0.2873042,-1.7812861,4.5872903,01-15 15:13:08:823
-0.22984336,-1.9728222,4.367024,01-15 15:13:08:825
0.22026655,-2.2984335,4.1180267,01-15 15:13:08:826
1.0630256,-2.6910827,3.9456444,01-15 15:13:08:828
2.1547816,-3.016694,3.8594532,01-15 15:13:08:830
2.9879637,-3.2082303,3.8594532,01-15 15:13:08:832
3.715801,-3.3806129,3.8115692,01-15 15:13:08:833
4.4436383,-3.5913026,3.7541082,01-15 15:13:08:835
4.999093,-3.7732618,3.7445314,01-15 15:13:08:837
5.48751,-4.012682,3.7349546,01-15 15:13:08:838
5.9663506,-4.175488,3.7732618,01-15 15:13:08:840
6.291962,-4.2904096,3.8019924,01-15 15:13:08:842
6.5505357,-4.3478703,3.8307228,01-15 15:13:08:851
6.703765,-4.405331,3.8307228,01-15 15:13:08:853
6.7324953,-4.548983,3.7732618,01-15 15:13:08:855
6.6367273,-4.817134,3.6583402,01-15 15:13:08:857
6.38773,-5.171476,3.4859576,01-15 15:13:08:867
6.090849,-5.439626,3.2752678,01-15 15:13:08:869
5.7843914,-5.707777,3.0454245,01-15 15:13:08:871
5.4779334,-5.9567738,2.8538885,01-15 15:13:08:872
5.305551,-6.14831,2.6527755,01-15 15:13:08:882
5.267244,-6.2728086,2.4612393,01-15 15:13:08:883
5.305551,-6.397307,2.2601264,01-15 15:13:08:884
5.401319,-6.540959,2.1164744,01-15 15:13:08:887
5.4683566,-6.7612257,1.982399,01-15 15:13:08:892
5.631162,-7.038953,1.8483237,01-15 15:13:08:897
5.9759274,-7.3549876,1.7429788,01-15 15:13:08:900
6.253655,-7.5848308,1.6950948,01-15 15:13:08:904
6.4643445,-7.776367,1.6663644,01-15 15:13:08:907
6.6271505,-7.872135,1.7142484,01-15 15:13:08:913
6.7803793,-7.967903,1.8579005,01-15 15:13:08:915
7.0102224,-8.073248,2.0207062,01-15 15:13:08:920
7.1826053,-8.082825,2.1547816,01-15 15:13:08:923
7.335834,-8.00621,2.27928,01-15 15:13:08:929
7.422025,-7.872135,2.327164,01-15 15:13:08:932
7.536947,-7.7572136,2.336741,01-15 15:13:08:935
7.651869,-7.603985,2.3463178,01-15 15:13:08:940
7.785944,-7.479486,2.27928,01-15 15:13:08:946
7.9391727,-7.3549876,2.2505496,01-15 15:13:08:948
8.082825,-7.2592196,2.2026656,01-15 15:13:08:952
8.331821,-7.2592196,2.1260512,01-15 15:13:08:955
8.504205,-7.345411,2.087744,01-15 15:13:08:963
8.66701,-7.4603324,1.982399,01-15 15:13:08:964
8.781932,-7.680599,1.8579005,01-15 15:13:08:967
8.820239,-7.9583263,1.6950948,01-15 15:13:08:971
8.829816,-8.255207,1.5131354,01-15 15:13:08:976
8.781932,-8.552089,1.340753,01-15 15:13:08:980
8.724471,-8.810662,1.2354081,01-15 15:13:08:983
8.6574335,-9.069236,1.1971009,01-15 15:13:08:988
8.523358,-9.414001,1.1300632,01-15 15:13:08:992
8.39886,-9.662998,1.1109096,01-15 15:13:08:996
8.255207,-9.873688,1.1683705,01-15 15:13:09:000
8.169016,-10.0269165,1.2066777,01-15 15:13:09:004
8.0924015,-10.189722,1.2162545,01-15 15:13:09:008
8.0924015,-10.333375,1.2641385,01-15 15:13:09:015
8.130709,-10.419566,1.3311762,01-15 15:13:09:017
8.255207,-10.457873,1.4269443,01-15 15:13:09:020
8.42759,-10.477027,1.484405,01-15 15:13:09:024
8.599973,-10.496181,1.5801731,01-15 15:13:09:032
8.820239,-10.496181,1.6184803,01-15 15:13:09:033
9.059659,-10.534488,1.6663644,01-15 15:13:09:036
9.308656,-10.5919485,1.6280571,01-15 15:13:09:040
9.490616,-10.726024,1.5227122,01-15 15:13:09:045
9.739613,-10.898406,1.4173675,01-15 15:13:09:048
9.998186,-10.984597,1.3503298,01-15 15:13:09:056
10.266336,-11.042058,1.283292,01-15 15:13:09:059
10.658986,-11.051635,1.2066777,01-15 15:13:09:061
10.831368,-11.061212,1.2162545,01-15 15:13:09:064
11.051635,-11.099519,1.2449849,01-15 15:13:09:068
11.358093,-11.137826,1.3790601,01-15 15:13:09:072
11.654974,-11.195287,1.5035586,01-15 15:13:09:076
11.9614315,-11.262324,1.7046716,01-15 15:13:09:080
12.258312,-11.348516,1.9440918,01-15 15:13:09:084
12.50731,-11.377247,2.1643584,01-15 15:13:09:088
12.727576,-11.358093,2.4612393,01-15 15:13:09:092
12.947843,-11.291056,2.7964275,01-15 15:13:09:096
13.139379,-11.195287,3.064578,01-15 15:13:09:100
13.311762,-11.089942,3.3423057,01-15 15:13:09:104
13.637373,-10.965444,3.6774938,01-15 15:13:09:108
14.058752,-10.860099,3.9743748,01-15 15:13:09:112
14.978126,-10.955867,5.4779334,01-15 15:13:09:116
15.840038,-10.726024,8.418014,01-15 15:13:09:120
16.108189,-10.208876,8.149862,01-15 15:13:09:124
16.749836,-9.940725,8.1402855,01-15 15:13:09:128
17.199945,-9.653421,8.130709,01-15 15:13:09:132
17.439365,-9.356541,7.575254,01-15 15:13:09:136
17.72667,-8.801085,6.8186865,01-15 15:13:09:140
17.851168,-8.226477,5.6886234,01-15 15:13:09:144
17.7554,-7.9391727,4.548983,01-15 15:13:09:148
17.54471,-7.7667904,3.6104562,01-15 15:13:09:152
17.238253,-7.699753,2.834735,01-15 15:13:09:156
16.998833,-7.7093296,2.3654714,01-15 15:13:09:160
16.788143,-7.651869,2.0494366,01-15 15:13:09:164
16.510414,-7.4986396,1.733402,01-15 15:13:09:168
16.203957,-7.28795,1.4652514,01-15 15:13:09:172
15.849615,-7.067683,1.1971009,01-15 15:13:09:176
15.380352,-6.83784,0.93852705,01-15 15:13:09:180
14.901511,-6.694188,0.7469909,01-15 15:13:09:184
14.346057,-6.588843,0.60333884,01-15 15:13:09:188
13.608643,-6.5026517,0.41180268,01-15 15:13:09:192
12.919112,-6.4547677,0.31603462,01-15 15:13:09:196
12.229582,-6.3685765,0.29688102,01-15 15:13:09:200
11.434708,-6.2823853,0.29688102,01-15 15:13:09:204
10.840945,-6.1387334,0.33518824,01-15 15:13:09:208
10.333375,-5.93762,0.39264908,01-15 15:13:09:212
9.797073,-5.841852,-0.10534488,01-15 15:13:09:216
9.461885,-5.583278,-0.2681506,01-15 15:13:09:220
9.241618,-5.305551,-0.2777274,01-15 15:13:09:224
9.069236,-4.999093,-0.33518824,01-15 15:13:09:228
8.983045,-4.7500963,-0.4405331,01-15 15:13:09:232
8.801085,-4.5872903,-0.90021986,01-15 15:13:09:236
8.255207,-4.606444,-1.9919758,01-15 15:13:09:240
7.4028716,-4.9416323,-3.8307228,01-15 15:13:09:244
6.5505357,-5.171476,-5.5737014,01-15 15:13:09:248
4.7979803,-5.5162406,-7.833828,01-15 15:13:09:252
3.1507695,-5.755661,-9.404425,01-15 15:13:09:256
2.1643584,-5.841852,-9.883265,01-15 15:13:09:260
1.6376339,-5.8322754,-8.90643,01-15 15:13:09:264
1.6280571,-5.813122,-7.3166804,01-15 15:13:09:268
2.2697031,-5.6407394,-5.631162,01-15 15:13:09:272
2.72939,-5.439626,-4.098873,01-15 15:13:09:276
3.122039,-5.315128,-2.8538885,01-15 15:13:09:280
3.8019924,-5.506664,-1.7717092,01-15 15:13:09:284
4.2042184,-5.3438582,-1.2641385,01-15 15:13:09:288
4.548983,-5.161899,-0.48841715,01-15 15:13:09:292
4.6255975,-4.999093,-0.17238252,01-15 15:13:09:296
4.4915223,-4.9224787,0.22984336,01-15 15:13:09:300
4.31914,-4.9799395,0.2777274,01-15 15:13:09:304
4.1659107,-5.133168,0.11492168,01-15 15:13:09:308
4.271256,-5.0661306,-0.41180268,01-15 15:13:09:312
4.3766007,-4.9320555,-1.1587936,01-15 15:13:09:316
4.357447,-5.085284,-1.484405,01-15 15:13:09:320
4.4244847,-5.305551,-1.2641385,01-15 15:13:09:324
4.951209,-5.1810527,-0.62249243,01-15 15:13:09:328
5.363012,-5.2863975,-0.1340753,01-15 15:13:09:332
5.554548,-5.3342814,0.05746084,01-15 15:13:09:336
5.889736,-5.3342814,0.47884035,01-15 15:13:09:340
6.1100025,-5.5737014,1.5227122,01-15 15:13:09:344
6.5505357,-5.6790466,2.5187001,01-15 15:13:09:348
4.050989,-9.32781,8.734048,01-15 15:13:09:423
3.6870706,-8.456321,8.7532015,01-15 15:13:09:428
2.1930888,-6.1387334,6.1866174,01-15 15:13:09:433
2.0973208,-5.544971,4.414908,01-15 15:13:09:438
2.1547816,-5.544971,2.432509,01-15 15:13:09:444
2.1068976,-5.171476,1.7621324,01-15 15:13:09:448
2.135628,-5.142745,1.388637,01-15 15:13:09:453
2.4229321,-5.094861,0.61291564,01-15 15:13:09:458
2.4899697,-5.2863975,-0.22984336,01-15 15:13:09:463
2.6048915,-5.841852,-0.8523358,01-15 15:13:09:468
2.9496565,-6.3206925,-1.436521,01-15 15:13:09:473
3.2465374,-6.981492,-2.2218192,01-15 15:13:09:478
3.6391866,-7.9391727,-2.719813,01-15 15:13:09:483
4.5394063,-9.3182335,-3.86903,01-15 15:13:09:488
5.4779334,-11.032481,-5.45878,01-15 15:13:09:493
6.1195793,-13.005303,-6.033388,01-15 15:13:09:498
6.885724,-14.623784,-4.405331,01-15 15:13:09:504
7.489063,-15.05474,-0.36391866,01-15 15:13:09:509
7.565677,-14.729129,2.7964275,01-15 15:13:09:513
7.3645644,-13.962984,3.371036,01-15 15:13:09:518
7.1251445,-12.593501,2.384625,01-15 15:13:09:523
6.0621185,-11.587936,1.1971009,01-15 15:13:09:528
5.094861,-10.611102,-0.06703765,01-15 15:13:09:534
4.5298295,-9.662998,-0.46926352,01-15 15:13:09:539
3.5242648,-9.624691,-0.51714754,01-15 15:13:09:543
2.2122424,-9.902418,-1.5610195,01-15 15:13:09:548
2.2888567,-9.873688,-3.5338416,01-15 15:13:09:553
3.1411927,-9.356541,-2.087744,01-15 15:13:09:558
2.72939,-9.768343,-0.36391866,01-15 15:13:09:563
2.4037786,-9.950302,0.78529817,01-15 15:13:09:568
2.0590134,-9.586384,0.6991069,01-15 15:13:09:573
1.1683705,-9.844957,0.0,01-15 15:13:09:578
1.484405,-9.835381,-0.50757074,01-15 15:13:09:583
2.183512,-9.232041,-0.11492168,01-15 15:13:09:588
2.7006595,-8.063671,-0.59376204,01-15 15:13:09:594
3.016694,-7.469909,-1.6280571,01-15 15:13:09:598
2.6431987,-7.3071036,-0.89064306,01-15 15:13:09:603
2.384625,-6.981492,0.20111294,01-15 15:13:09:608
2.3750482,-6.3302693,0.7661445,01-15 15:13:09:614
2.3750482,-5.90889,1.4652514,01-15 15:13:09:618
2.2409728,-5.7843914,2.4899697,01-15 15:13:09:623
2.1547816,-5.66947,2.2218192,01-15 15:13:09:628
1.982399,-5.497087,1.6184803,01-15 15:13:09:633
1.6280571,-5.2385135,0.9864111,01-15 15:13:09:638
1.13964,-5.133168,0.23942018,01-15 15:13:09:644
0.8523358,-5.104438,-0.59376204,01-15 15:13:09:648
0.62249243,-4.9320555,-0.79487497,01-15 15:13:09:653
0.4405331,-4.7979803,-0.63206923,01-15 15:13:09:658
0.4213795,-4.6160207,-0.4213795,01-15 15:13:09:663
0.59376204,-4.4340615,-0.21068975,01-15 15:13:09:668
0.8714894,-4.7022123,0.05746084,01-15 15:13:09:673
2.1068976,-9.030929,0.61291564,01-15 15:13:09:678
2.1068976,-9.030929,0.61291564,01-15 15:13:09:683
2.6910827,-18.215086,1.1683705,01-15 15:13:09:688
2.7102363,-31.737537,-4.213795,01-15 15:13:09:693
2.834735,-44.47469,-9.375694,01-15 15:13:09:698
1.9440918,-47.845726,-7.7093296,01-15 15:13:09:703
2.719813,-37.742195,-1.6950948,01-15 15:13:09:708
4.453215,-24.123976,1.5897499,01-15 15:13:09:714
5.746084,-15.71554,3.5817258,01-15 15:13:09:718
6.205771,-11.262324,4.4436383,01-15 15:13:09:723
6.1100025,-8.734048,3.466804,01-15 15:13:09:728
5.6886234,-7.28795,2.1739352,01-15 15:13:09:733
4.76925,-6.5601125,0.9576807,01-15 15:13:09:738
3.6487634,-6.3206925,0.095768064,01-15 15:13:09:743
2.5187001,-6.435614,-0.11492168,01-15 15:13:09:748
1.2641385,-6.9048777,-0.047884032,01-15 15:13:09:753
-0.08619126,-7.73806,0.10534488,01-15 15:13:09:758
-1.4077905,-8.724471,0.33518824,01-15 15:13:09:763
-2.566584,-9.586384,0.78529817,01-15 15:13:09:768
-2.6431987,-10.228029,1.5514427,01-15 15:13:09:773
-0.78529817,-11.702858,1.9440918,01-15 15:13:09:778
1.934515,-13.321339,1.5514427,01-15 15:13:09:783
2.9975405,-13.618219,1.0055647,01-15 15:13:09:788
2.4133554,-13.005303,0.545878,01-15 15:13:09:793
0.8714894,-11.894394,0.49799395,01-15 15:13:09:798
-0.9768343,-10.658986,0.79487497,01-15 15:13:09:803
-3.1986535,-9.730036,1.2066777,01-15 15:13:09:808
-4.76925,-9.078813,1.3982137,01-15 15:13:09:813
-5.1140146,-8.504205,1.1013328,01-15 15:13:09:818
-5.085284,-8.293514,0.6512229,01-15 15:13:09:824
-5.046977,-8.6095495,0.11492168,01-15 15:13:09:828
-5.2480903,-9.260772,-0.48841715,01-15 15:13:09:833
-5.544971,-9.931149,-0.2777274,01-15 15:13:09:838
-5.497087,-10.199299,0.24899697,01-15 15:13:09:843
-5.046977,-10.065224,0.46926352,01-15 15:13:09:848
-4.2999864,-9.797073,0.37349546,01-15 15:13:09:853
-3.667917,-9.662998,0.31603462,01-15 15:13:09:858
-3.2273839,-9.605537,0.50757074,01-15 15:13:09:863
-2.8634653,-9.509769,0.7469909,01-15 15:13:09:869
-2.6719291,-9.32781,0.90979666,01-15 15:13:09:873
-2.5761611,-9.251195,0.9576807,01-15 15:13:09:878
-2.6048915,-9.356541,0.90979666,01-15 15:13:09:883
-2.4229321,-9.595961,0.7374141,01-15 15:13:09:889
-1.9919758,-9.720459,0.62249243,01-15 15:13:09:893
-1.7142484,-9.730036,0.60333884,01-15 15:13:09:898
-1.5897499,-9.720459,0.58418524,01-15 15:13:09:903
-1.5801731,-9.710882,0.5363012,01-15 15:13:09:909
-1.6184803,-9.720459,0.58418524,01-15 15:13:09:913
-1.685518,-9.730036,0.49799395,01-15 15:13:09:919
-1.8004397,-9.739613,0.4405331,01-15 15:13:09:923
-1.8866309,-9.758766,0.4213795,01-15 15:13:09:929
-1.9728222,-9.720459,0.39264908,01-15 15:13:09:934
-2.0494366,-9.730036,0.46926352,01-15 15:13:09:938
-2.135628,-9.758766,0.50757074,01-15 15:13:09:944
-2.135628,-9.835381,0.5363012,01-15 15:13:09:948
-2.1452048,-9.892841,0.59376204,01-15 15:13:09:953
-2.1643584,-9.902418,0.6512229,01-15 15:13:09:958
-2.1260512,-9.883265,0.7086837,01-15 15:13:09:963
-2.078167,-9.844957,0.7757214,01-15 15:13:09:968
-2.0590134,-9.816227,0.7469909,01-15 15:13:09:973
-2.0590134,-9.739613,0.6991069,01-15 15:13:09:978
-2.030283,-9.720459,0.641646,01-15 15:13:09:983
-2.0685902,-9.691729,0.61291564,01-15 15:13:09:988
-2.0685902,-9.682152,0.641646,01-15 15:13:09:994
-2.087744,-9.710882,0.63206923,01-15 15:13:09:998
-2.135628,-9.701305,0.6703765,01-15 15:13:10:003
-2.2122424,-9.710882,0.63206923,01-15 15:13:10:009
-2.231396,-9.682152,0.641646,01-15 15:13:10:013
-2.2697031,-9.682152,0.641646,01-15 15:13:10:018
-2.2888567,-9.710882,0.6512229,01-15 15:13:10:023
-2.3175871,-9.720459,0.6703765,01-15 15:13:10:028
-2.3558946,-9.768343,0.6895301,01-15 15:13:10:033
-2.3750482,-9.768343,0.6991069,01-15 15:13:10:038
-2.4133554,-9.77792,0.7182605,01-15 15:13:10:043
-2.4037786,-9.739613,0.6895301,01-15 15:13:10:048
-2.384625,-9.710882,0.63206923,01-15 15:13:10:053
-2.336741,-9.653421,0.6512229,01-15 15:13:10:058
-2.27928,-9.624691,0.641646,01-15 15:13:10:063
-2.1930888,-9.595961,0.59376204,01-15 15:13:10:068
-2.1452048,-9.586384,0.59376204,01-15 15:13:10:074
-2.1260512,-9.672575,0.59376204,01-15 15:13:10:079
-2.078167,-9.662998,0.60333884,01-15 15:13:10:083
-2.0590134,-9.730036,0.641646,01-15 15:13:10:089
-2.0590134,-9.77792,0.6799533,01-15 15:13:10:093
-2.0398598,-9.787497,0.6703765,01-15 15:13:10:099
-2.0111294,-9.787497,0.6991069,01-15 15:13:10:103
-1.9919758,-9.825804,0.7182605,01-15 15:13:10:108
-1.9440918,-9.825804,0.7086837,01-15 15:13:10:113
-1.9536686,-9.80665,0.7182605,01-15 15:13:10:118
-1.982399,-9.787497,0.7086837,01-15 15:13:10:123
-1.9536686,-9.844957,0.6799533,01-15 15:13:10:128
-1.9919758,-9.864111,0.61291564,01-15 15:13:10:133
-2.030283,-9.77792,0.61291564,01-15 15:13:10:138
-2.0685902,-9.730036,0.60333884,01-15 15:13:10:143
-2.0685902,-9.80665,0.58418524,01-15 15:13:10:148
-2.087744,-9.835381,0.5650316,01-15 15:13:10:153
-2.1547816,-9.883265,0.48841715,01-15 15:13:10:158
-2.2218192,-9.883265,0.40222588,01-15 15:13:10:163
-2.2888567,-9.883265,0.41180268,01-15 15:13:10:168
-2.2505496,-9.844957,0.41180268,01-15 15:13:10:173
-2.2409728,-9.730036,0.41180268,01-15 15:13:10:178
-2.1739352,-9.615114,0.45968673,01-15 15:13:10:184
-2.1260512,-9.56723,0.5267244,01-15 15:13:10:188
-2.0973208,-9.595961,0.5650316,01-15 15:13:10:193
-2.0973208,-9.595961,0.5650316,01-15 15:13:10:198
-2.1068976,-9.643845,0.5746084,01-15 15:13:10:204
-2.078167,-9.605537,0.545878,01-15 15:13:10:208
-1.9728222,-9.586384,0.5267244,01-15 15:13:10:213
-1.8962077,-9.5385,0.48841715,01-15 15:13:10:218
-1.8674773,-9.490616,0.48841715,01-15 15:13:10:223
-1.8579005,-9.528923,0.45968673,01-15 15:13:10:228
-1.9057846,-9.643845,0.45010993,01-15 15:13:10:233
-1.9632454,-9.730036,0.40222588,01-15 15:13:10:238
-2.0207062,-9.787497,0.37349546,01-15 15:13:10:243
-2.0207062,-9.691729,0.39264908,01-15 15:13:10:249
-2.0398598,-9.528923,0.38307226,01-15 15:13:10:253
-2.0015526,-9.442732,0.38307226,01-15 15:13:10:258
-2.0015526,-9.835381,0.33518824,01-15 15:13:10:263
-1.982399,-10.362105,0.29688102,01-15 15:13:10:269
-2.0015526,-10.457873,0.31603462,01-15 15:13:10:274
-1.9728222,-10.036493,0.2777274,01-15 15:13:10:278
-1.8579005,-9.710882,0.24899697,01-15 15:13:10:284
-1.7717092,-9.682152,0.2873042,01-15 15:13:10:289
-1.7908629,-9.586384,0.30645782,01-15 15:13:10:293
-1.8004397,-9.509769,0.35434186,01-15 15:13:10:298
-1.8100165,-9.576807,0.29688102,01-15 15:13:10:304
-1.8004397,-9.701305,0.24899697,01-15 15:13:10:308
-1.7908629,-9.768343,0.2777274,01-15 15:13:10:314
-1.7621324,-9.77792,0.2681506,01-15 15:13:10:318
-1.7621324,-9.80665,0.34476504,01-15 15:13:10:323
-1.733402,-9.864111,0.38307226,01-15 15:13:10:328
-1.7238252,-9.883265,0.37349546,01-15 15:13:10:333
-1.7238252,-9.854534,0.36391866,01-15 15:13:10:339
-1.6950948,-9.797073,0.30645782,01-15 15:13:10:344
-1.685518,-9.758766,0.2873042,01-15 15:13:10:349
-1.6759412,-9.730036,0.30645782,01-15 15:13:10:354
-1.6472107,-9.615114,0.24899697,01-15 15:13:10:358
-1.6184803,-9.576807,0.20111294,01-15 15:13:10:363
-1.6184803,-9.586384,0.20111294,01-15 15:13:10:368
-1.6184803,-9.624691,0.19153613,01-15 15:13:10:373
-1.6089035,-9.749189,0.18195933,01-15 15:13:10:378
-1.6184803,-9.854534,0.17238252,01-15 15:13:10:384
-1.6280571,-9.911995,0.17238252,01-15 15:13:10:389
-1.6663644,-10.007763,0.24899697,01-15 15:13:10:394
-1.7046716,-10.0748005,0.18195933,01-15 15:13:10:399
-1.7621324,-10.0748005,0.18195933,01-15 15:13:10:404
-1.8866309,-10.084377,0.21068975,01-15 15:13:10:409
-2.0111294,-10.007763,0.17238252,01-15 15:13:10:413
-2.1068976,-9.950302,0.16280572,01-15 15:13:10:418
-2.1930888,-9.902418,0.1436521,01-15 15:13:10:423
-2.1643584,-9.835381,0.15322891,01-15 15:13:10:428
-2.2409728,-9.835381,0.19153613,01-15 15:13:10:433
-2.3175871,-9.787497,0.21068975,01-15 15:13:10:438
-2.3750482,-9.749189,0.22026655,01-15 15:13:10:443
-2.3942018,-9.758766,0.21068975,01-15 15:13:10:449
-2.4229321,-9.739613,0.22026655,01-15 15:13:10:453
-2.4995465,-9.682152,0.25857377,01-15 15:13:10:459
-2.5091233,-9.653421,0.33518824,01-15 15:13:10:463
-2.5187001,-9.576807,0.36391866,01-15 15:13:10:468
-2.480393,-9.5385,0.34476504,01-15 15:13:10:473
-2.4708161,-9.557653,0.36391866,01-15 15:13:10:478
-2.4708161,-9.519346,0.37349546,01-15 15:13:10:484
-2.4516625,-9.509769,0.31603462,01-15 15:13:10:489
-2.4229321,-9.500193,0.32561144,01-15 15:13:10:493
-2.4133554,-9.519346,0.32561144,01-15 15:13:10:498
-2.4037786,-9.500193,0.2777274,01-15 15:13:10:503
-2.3654714,-9.509769,0.2873042,01-15 15:13:10:509
-2.3080103,-9.528923,0.24899697,01-15 15:13:10:513
-2.27928,-9.56723,0.21068975,01-15 15:13:10:518
-2.231396,-9.595961,0.17238252,01-15 15:13:10:524
-2.1643584,-9.624691,0.18195933,01-15 15:13:10:529
-2.1547816,-9.672575,0.22026655,01-15 15:13:10:533
-2.1739352,-9.80665,0.17238252,01-15 15:13:10:539
-2.1739352,-9.883265,0.16280572,01-15 15:13:10:544
-2.1452048,-9.959879,0.095768064,01-15 15:13:10:549
-2.1643584,-10.01734,0.095768064,01-15 15:13:10:554
-2.231396,-10.055647,0.076614454,01-15 15:13:10:559
-2.2409728,-10.113108,0.047884032,01-15 15:13:10:564
-2.2122424,-10.065224,0.08619126,01-15 15:13:10:568
-2.1260512,-10.01734,0.11492168,01-15 15:13:10:573
-2.0494366,-9.940725,0.1436521,01-15 15:13:10:578
-2.0111294,-9.816227,0.17238252,01-15 15:13:10:584
-1.9919758,-9.701305,0.16280572,01-15 15:13:10:589
-2.0494366,-9.615114,0.21068975,01-15 15:13:10:593
-2.078167,-9.586384,0.22984336,01-15 15:13:10:599
-2.1068976,-9.5385,0.22984336,01-15 15:13:10:604
-2.1547816,-9.509769,0.18195933,01-15 15:13:10:609
-2.1068976,-9.5385,0.16280572,01-15 15:13:10:613
-2.1068976,-9.557653,0.1340753,01-15 15:13:10:619
-2.1068976,-9.56723,0.1340753,01-15 15:13:10:623
-2.0685902,-9.586384,0.10534488,01-15 15:13:10:629
-2.0015526,-9.586384,0.095768064,01-15 15:13:10:634
-1.934515,-9.595961,0.05746084,01-15 15:13:10:638
-1.8866309,-9.56723,0.05746084,01-15 15:13:10:643
-1.8483237,-9.548077,0.06703765,01-15 15:13:10:649
-1.8866309,-9.56723,0.038307227,01-15 15:13:10:653
-1.8962077,-9.720459,0.047884032,01-15 15:13:10:658
-1.9153614,-9.940725,-0.019153614,01-15 15:13:10:663
-1.9728222,-10.1226845,-0.10534488,01-15 15:13:10:668
-2.1643584,-10.170568,-0.15322891,01-15 15:13:10:674
-2.3654714,-10.160992,-0.12449849,01-15 15:13:10:678
-2.4229321,-10.084377,-0.11492168,01-15 15:13:10:684
-2.2984335,-9.921572,-0.10534488,01-15 15:13:10:689
-2.2026656,-9.864111,-0.12449849,01-15 15:13:10:693
-2.078167,-9.825804,-0.1436521,01-15 15:13:10:699
-1.9153614,-9.787497,-0.08619126,01-15 15:13:10:703
-1.8004397,-9.80665,-0.019153614,01-15 15:13:10:709
-1.7621324,-9.787497,0.0,01-15 15:13:10:714
-1.7621324,-9.787497,0.0,01-15 15:13:10:719
-1.7238252,-9.787497,0.05746084,01-15 15:13:10:723
-1.7238252,-9.797073,0.12449849,01-15 15:13:10:729
-1.7525556,-9.787497,0.1436521,01-15 15:13:10:733
-1.7812861,-9.739613,0.11492168,01-15 15:13:10:738
-1.8291701,-9.710882,0.12449849,01-15 15:13:10:743
-1.8579005,-9.691729,0.12449849,01-15 15:13:10:749
-1.9057846,-9.710882,0.11492168,01-15 15:13:10:753
-1.9249382,-9.710882,0.10534488,01-15 15:13:10:758
-1.9728222,-9.701305,0.1340753,01-15 15:13:10:763
-2.0207062,-9.691729,0.08619126,01-15 15:13:10:768
-2.0590134,-9.662998,0.0,01-15 15:13:10:774
-2.0973208,-9.653421,-0.047884032,01-15 15:13:10:779
-2.1068976,-9.662998,-0.06703765,01-15 15:13:10:783
-2.087744,-9.701305,-0.08619126,01-15 15:13:10:789
-2.1068976,-9.682152,-0.076614454,01-15 15:13:10:793
-2.078167,-9.730036,-0.05746084,01-15 15:13:10:798
-2.0590134,-9.710882,-0.08619126,01-15 15:13:10:803
-2.078167,-9.749189,-0.12449849,01-15 15:13:10:808
-2.1260512,-9.739613,-0.08619126,01-15 15:13:10:813
-2.1643584,-9.739613,-0.08619126,01-15 15:13:10:818
-2.2218192,-9.749189,-0.095768064,01-15 15:13:10:823
-2.2888567,-9.758766,-0.06703765,01-15 15:13:10:829
-2.2888567,-9.77792,-0.05746084,01-15 15:13:10:834
-2.3175871,-9.825804,-0.11492168,01-15 15:13:10:838
-2.4037786,-9.835381,-0.1340753,01-15 15:13:10:844
-2.3942018,-9.768343,-0.06703765,01-15 15:13:10:849
-2.327164,-9.701305,-0.08619126,01-15 15:13:10:854
-2.3080103,-9.691729,-0.076614454,01-15 15:13:10:858
-2.327164,-9.643845,-0.019153614,01-15 15:13:10:864
-2.2984335,-9.662998,-0.009576807,01-15 15:13:10:868
-2.2505496,-9.691729,-0.02873042,01-15 15:13:10:873
-2.2122424,-9.672575,0.0,01-15 15:13:10:878
-2.1547816,-9.730036,-0.02873042,01-15 15:13:10:883
-2.1068976,-9.797073,0.0,01-15 15:13:10:888
-2.078167,-9.758766,0.0,01-15 15:13:10:893
-2.0590134,-9.758766,-0.009576807,01-15 15:13:10:898
-2.0590134,-9.701305,-0.08619126,01-15 15:13:10:903
-2.0207062,-9.643845,-0.095768064,01-15 15:13:10:908
-1.9249382,-9.682152,-0.10534488,01-15 15:13:10:913
-1.8866309,-9.662998,-0.11492168,01-15 15:13:10:918
-1.8770541,-9.662998,-0.12449849,01-15 15:13:10:924
-1.8770541,-9.672575,-0.06703765,01-15 15:13:10:928
-1.8866309,-9.662998,-0.11492168,01-15 15:13:10:933
-1.9249382,-9.730036,-0.12449849,01-15 15:13:10:939
-1.9249382,-9.77792,-0.12449849,01-15 15:13:10:944
-1.8866309,-9.825804,-0.11492168,01-15 15:13:10:949
-1.8579005,-9.854534,-0.15322891,01-15 15:13:10:953
-1.8483237,-9.864111,-0.18195933,01-15 15:13:10:959
-1.8579005,-9.80665,-0.17238252,01-15 15:13:10:964
-1.8387469,-9.797073,-0.10534488,01-15 15:13:10:969
-1.8770541,-9.758766,-0.16280572,01-15 15:13:10:973
-1.8674773,-9.768343,-0.17238252,01-15 15:13:10:979
-1.8387469,-9.797073,-0.11492168,01-15 15:13:10:983
-1.8195933,-9.844957,-0.095768064,01-15 15:13:10:989
-1.8387469,-9.825804,-0.06703765,01-15 15:13:10:993
-1.8195933,-9.77792,-0.08619126,01-15 15:13:10:998
-1.8579005,-9.749189,-0.10534488,01-15 15:13:11:004
-1.8770541,-9.739613,-0.1340753,01-15 15:13:11:009
-1.9536686,-9.730036,-0.18195933,01-15 15:13:11:014
-2.0111294,-9.701305,-0.19153613,01-15 15:13:11:019
-2.1452048,-9.730036,-0.23942018,01-15 15:13:11:024
-2.3080103,-9.643845,-0.22026655,01-15 15:13:11:029
-2.3463178,-9.576807,-0.25857377,01-15 15:13:11:033
-2.3750482,-9.528923,-0.30645782,01-15 15:13:11:039
-2.336741,-9.519346,-0.2873042,01-15 15:13:11:044
-2.3080103,-9.557653,-0.23942018,01-15 15:13:11:049
-2.3463178,-9.605537,-0.21068975,01-15 15:13:11:054
-2.3175871,-9.662998,-0.23942018,01-15 15:13:11:058
-2.2601264,-9.682152,-0.24899697,01-15 15:13:11:064
-2.2601264,-9.720459,-0.21068975,01-15 15:13:11:068
-2.2122424,-9.730036,-0.22026655,01-15 15:13:11:073
-2.1547816,-9.739613,-0.21068975,01-15 15:13:11:078
-2.0494366,-9.80665,-0.19153613,01-15 15:13:11:084
-1.982399,-9.844957,-0.19153613,01-15 15:13:11:088
-1.982399,-9.892841,-0.21068975,01-15 15:13:11:093
-1.982399,-9.902418,-0.22984336,01-15 15:13:11:099
-2.0207062,-9.883265,-0.2777274,01-15 15:13:11:104
-2.0207062,-9.835381,-0.33518824,01-15 15:13:11:109
-1.9919758,-9.80665,-0.33518824,01-15 15:13:11:113
-1.982399,-9.768343,-0.31603462,01-15 15:13:11:118
-1.9632454,-9.768343,-0.32561144,01-15 15:13:11:124
-1.982399,-9.739613,-0.33518824,01-15 15:13:11:128
-1.9919758,-9.768343,-0.37349546,01-15 15:13:11:133
-1.982399,-9.701305,-0.36391866,01-15 15:13:11:139
-1.8770541,-9.749189,-0.37349546,01-15 15:13:11:144
-1.8483237,-9.77792,-0.35434186,01-15 15:13:11:149
-1.8674773,-9.701305,-0.37349546,01-15 15:13:11:154
-1.8579005,-9.662998,-0.37349546,01-15 15:13:11:159
-1.8483237,-9.634268,-0.38307226,01-15 15:13:11:164
-1.8483237,-9.634268,-0.35434186,01-15 15:13:11:169
-1.8195933,-9.624691,-0.31603462,01-15 15:13:11:173
-1.8004397,-9.624691,-0.30645782,01-15 15:13:11:178
-1.7908629,-9.653421,-0.33518824,01-15 15:13:11:184
-1.7429788,-9.595961,-0.37349546,01-15 15:13:11:189
-1.7238252,-9.662998,-0.41180268,01-15 15:13:11:194
-1.7429788,-9.653421,-0.45010993,01-15 15:13:11:198
-1.7621324,-9.672575,-0.4405331,01-15 15:13:11:204
-1.733402,-9.691729,-0.45010993,01-15 15:13:11:209
-1.7429788,-9.710882,-0.46926352,01-15 15:13:11:213
-1.7142484,-9.787497,-0.48841715,01-15 15:13:11:218
-1.6950948,-9.825804,-0.5650316,01-15 15:13:11:224
-1.7142484,-9.873688,-0.5554548,01-15 15:13:11:229
-1.7142484,-9.873688,-0.5554548,01-15 15:13:11:233
-1.7525556,-9.931149,-0.62249243,01-15 15:13:11:238
-1.7908629,-9.959879,-0.6895301,01-15 15:13:11:243
-1.8195933,-9.9790325,-0.6991069,01-15 15:13:11:249
-1.8483237,-9.969456,-0.7565677,01-15 15:13:11:253
-1.8387469,-9.940725,-0.82360536,01-15 15:13:11:258
-1.8291701,-9.921572,-0.82360536,01-15 15:13:11:264
-1.8100165,-9.864111,-0.78529817,01-15 15:13:11:268
-1.7812861,-9.77792,-0.7661445,01-15 15:13:11:274
-1.8004397,-9.797073,-0.7278373,01-15 15:13:11:278
-1.8004397,-9.768343,-0.6607997,01-15 15:13:11:284
-1.8291701,-9.701305,-0.6512229,01-15 15:13:11:289
-1.8483237,-9.758766,-0.6703765,01-15 15:13:11:294
-1.8866309,-9.816227,-0.6607997,01-15 15:13:11:299
-1.8962077,-9.844957,-0.6607997,01-15 15:13:11:303
-1.8579005,-9.892841,-0.6799533,01-15 15:13:11:309
-1.7908629,-9.931149,-0.6703765,01-15 15:13:11:313
-1.7908629,-9.902418,-0.7086837,01-15 15:13:11:318
-1.7525556,-9.873688,-0.7757214,01-15 15:13:11:323
-1.685518,-9.835381,-0.7661445,01-15 15:13:11:328
-1.685518,-9.80665,-0.6895301,01-15 15:13:11:333
-1.685518,-9.77792,-0.6799533,01-15 15:13:11:338
-1.685518,-9.730036,-0.6512229,01-15 15:13:11:343
-1.6950948,-9.710882,-0.6799533,01-15 15:13:11:349
-1.6472107,-9.710882,-0.6799533,01-15 15:13:11:353
-1.6280571,-9.77792,-0.7086837,01-15 15:13:11:358
-1.6376339,-9.873688,-0.7182605,01-15 15:13:11:363
-1.6567876,-9.931149,-0.79487497,01-15 15:13:11:368
-1.6663644,-9.864111,-0.8331822,01-15 15:13:11:373
-1.5897499,-9.787497,-0.8523358,01-15 15:13:11:378
-1.5705963,-9.739613,-0.8331822,01-15 15:13:11:383
-1.5897499,-9.653421,-0.79487497,01-15 15:13:11:388
-1.6184803,-9.634268,-0.7757214,01-15 15:13:11:393
-1.5993267,-9.615114,-0.7469909,01-15 15:13:11:399
-1.6280571,-9.653421,-0.79487497,01-15 15:13:11:403
-1.685518,-9.624691,-0.82360536,01-15 15:13:11:408
-1.7717092,-9.634268,-0.8331822,01-15 15:13:11:413
-1.7812861,-9.605537,-0.90979666,01-15 15:13:11:418
-1.7717092,-9.653421,-0.9672575,01-15 15:13:11:423
-1.7525556,-9.615114,-1.0055647,01-15 15:13:11:428
-1.7717092,-9.615114,-1.0342951,01-15 15:13:11:433
-1.7621324,-9.615114,-1.1013328,01-15 15:13:11:438
-1.6950948,-9.615114,-1.1875241,01-15 15:13:11:443
-1.7142484,-9.634268,-1.2641385,01-15 15:13:11:448
-1.7046716,-9.634268,-1.2545617,01-15 15:13:11:453
-1.7238252,-9.634268,-1.292869,01-15 15:13:11:458
-1.733402,-9.548077,-1.292869,01-15 15:13:11:464
-1.7429788,-9.528923,-1.283292,01-15 15:13:11:469
-1.7046716,-9.5385,-1.3503298,01-15 15:13:11:474
-1.7238252,-9.56723,-1.3694834,01-15 15:13:11:478
-1.7525556,-9.519346,-1.340753,01-15 15:13:11:483
-1.8100165,-9.519346,-1.3599066,01-15 15:13:11:489
-1.8579005,-9.509769,-1.3694834,01-15 15:13:11:494
-1.8770541,-9.490616,-1.340753,01-15 15:13:11:498
-1.8004397,-9.461885,-1.4173675,01-15 15:13:11:503
-1.8579005,-9.461885,-1.4269443,01-15 15:13:11:509
-1.934515,-9.500193,-1.3694834,01-15 15:13:11:514
-2.0111294,-9.5385,-1.292869,01-15 15:13:11:519
-2.0207062,-9.490616,-1.3120226,01-15 15:13:11:523
-2.0111294,-9.471462,-1.3120226,01-15 15:13:11:529
-1.9728222,-9.471462,-1.4077905,01-15 15:13:11:533
-1.8674773,-9.471462,-1.3982137,01-15 15:13:11:538
-1.8291701,-9.471462,-1.388637,01-15 15:13:11:543
-1.7525556,-9.490616,-1.3982137,01-15 15:13:11:549
-1.7238252,-9.528923,-1.3694834,01-15 15:13:11:553
-1.7812861,-9.576807,-1.3599066,01-15 15:13:11:558
-1.7812861,-9.595961,-1.3120226,01-15 15:13:11:563
-1.8100165,-9.682152,-1.2354081,01-15 15:13:11:568
-1.8004397,-9.643845,-1.2737153,01-15 15:13:11:573
-1.8866309,-9.662998,-1.2641385,01-15 15:13:11:578
-1.9057846,-9.691729,-1.2066777,01-15 15:13:11:583
-1.8483237,-9.787497,-1.1971009,01-15 15:13:11:588
-1.8387469,-9.80665,-1.1875241,01-15 15:13:11:593
-1.8387469,-9.873688,-1.1971009,01-15 15:13:11:598
-1.8579005,-9.883265,-1.1492168,01-15 15:13:11:603
-1.9057846,-9.921572,-1.1587936,01-15 15:13:11:608
-1.9536686,-9.969456,-1.1492168,01-15 15:13:11:613
-2.0207062,-10.036493,-1.1587936,01-15 15:13:11:618
-2.1164744,-10.04607,-1.2162545,01-15 15:13:11:623
-2.1930888,-10.0748005,-1.2449849,01-15 15:13:11:628
-2.2984335,-10.0748005,-1.3599066,01-15 15:13:11:633
-2.3750482,-10.036493,-1.3790601,01-15 15:13:11:638
-2.4037786,-9.998186,-1.4652514,01-15 15:13:11:643
-2.4708161,-9.9790325,-1.5035586,01-15 15:13:11:648
-2.5091233,-9.9790325,-1.5610195,01-15 15:13:11:653
-2.4899697,-9.950302,-1.5993267,01-15 15:13:11:658
-2.528277,-9.959879,-1.6280571,01-15 15:13:11:663
-2.5474305,-9.931149,-1.6472107,01-15 15:13:11:668
-2.528277,-9.940725,-1.6280571,01-15 15:13:11:673
-2.585738,-9.959879,-1.6089035,01-15 15:13:11:678
-2.6048915,-9.950302,-1.6184803,01-15 15:13:11:683
-2.633622,-9.940725,-1.6089035,01-15 15:13:11:688
-2.6048915,-9.911995,-1.6280571,01-15 15:13:11:693
-2.585738,-9.854534,-1.6089035,01-15 15:13:11:698
-2.4995465,-9.825804,-1.5897499,01-15 15:13:11:703
-2.5091233,-9.749189,-1.5514427,01-15 15:13:11:708
-2.432509,-9.662998,-1.532289,01-15 15:13:11:713
-2.4037786,-9.643845,-1.4652514,01-15 15:13:11:718
-2.432509,-9.595961,-1.3982137,01-15 15:13:11:723
-2.4708161,-9.605537,-1.3694834,01-15 15:13:11:728
-2.5953147,-9.56723,-1.3694834,01-15 15:13:11:733
-2.6623523,-9.56723,-1.4460979,01-15 15:13:11:738
-2.72939,-9.586384,-1.484405,01-15 15:13:11:743
-2.777274,-9.548077,-1.4939818,01-15 15:13:11:748
-2.777274,-9.548077,-1.4939818,01-15 15:13:11:753
-2.7964275,-9.557653,-1.541866,01-15 15:13:11:758
-2.825158,-9.481039,-1.5993267,01-15 15:13:11:763
-2.815581,-9.471462,-1.5993267,01-15 15:13:11:768
-2.777274,-9.490616,-1.5897499,01-15 15:13:11:774
-2.719813,-9.490616,-1.6184803,01-15 15:13:11:778
-2.6910827,-9.500193,-1.5801731,01-15 15:13:11:783
-2.6527755,-9.471462,-1.541866,01-15 15:13:11:788
-2.633622,-9.442732,-1.4939818,01-15 15:13:11:794
-2.5953147,-9.452309,-1.4652514,01-15 15:13:11:799
-2.585738,-9.442732,-1.484405,01-15 15:13:11:804
-2.5378537,-9.423578,-1.5610195,01-15 15:13:11:809
-2.5091233,-9.452309,-1.6184803,01-15 15:13:11:813
-2.5187001,-9.433155,-1.6280571,01-15 15:13:11:818
-2.5091233,-9.461885,-1.6089035,01-15 15:13:11:824
-2.4420857,-9.452309,-1.6280571,01-15 15:13:11:829
-2.4133554,-9.414001,-1.5897499,01-15 15:13:11:833
-2.432509,-9.423578,-1.5610195,01-15 15:13:11:838
-2.4516625,-9.461885,-1.5035586,01-15 15:13:11:844
-2.480393,-9.452309,-1.4939818,01-15 15:13:11:849
-2.5378537,-9.452309,-1.4748282,01-15 15:13:11:854
-2.5474305,-9.500193,-1.4748282,01-15 15:13:11:858
-2.5474305,-9.490616,-1.4460979,01-15 15:13:11:864
-2.5378537,-9.5385,-1.4652514,01-15 15:13:11:868
-2.5091233,-9.557653,-1.5131354,01-15 15:13:11:873
-2.528277,-9.595961,-1.541866,01-15 15:13:11:878
-2.5091233,-9.548077,-1.5897499,01-15 15:13:11:884
-2.4037786,-9.548077,-1.5801731,01-15 15:13:11:889
-2.2984335,-9.557653,-1.6376339,01-15 15:13:11:894
-2.231396,-9.557653,-1.7046716,01-15 15:13:11:898
-2.135628,-9.605537,-1.7429788,01-15 15:13:11:904
-2.0494366,-9.634268,-1.7238252,01-15 15:13:11:909
-1.9728222,-9.634268,-1.7238252,01-15 15:13:11:913
-1.982399,-9.576807,-1.7238252,01-15 15:13:11:918
-1.9249382,-9.605537,-1.6663644,01-15 15:13:11:924
-1.8483237,-9.605537,-1.5993267,01-15 15:13:11:929
-1.8291701,-9.576807,-1.532289,01-15 15:13:11:933
-1.8195933,-9.557653,-1.484405,01-15 15:13:11:938
-1.8387469,-9.586384,-1.4269443,01-15 15:13:11:944
-1.8195933,-9.586384,-1.4173675,01-15 15:13:11:949
-1.8866309,-9.576807,-1.4460979,01-15 15:13:11:953
-1.9536686,-9.586384,-1.4939818,01-15 15:13:11:958
-2.030283,-9.586384,-1.5227122,01-15 15:13:11:964
-2.1068976,-9.605537,-1.5897499,01-15 15:13:11:968
-2.1452048,-9.634268,-1.6376339,01-15 15:13:11:974
-2.1739352,-9.624691,-1.6567876,01-15 15:13:11:979
-2.1930888,-9.672575,-1.6663644,01-15 15:13:11:984
-2.2026656,-9.682152,-1.685518,01-15 15:13:11:989
-2.1930888,-9.710882,-1.6472107,01-15 15:13:11:994
-2.1930888,-9.682152,-1.6472107,01-15 15:13:11:999
-2.1930888,-9.672575,-1.6089035,01-15 15:13:12:004
-2.1930888,-9.672575,-1.5993267,01-15 15:13:12:009
-2.2218192,-9.653421,-1.5897499,01-15 15:13:12:014
-2.2505496,-9.643845,-1.5514427,01-15 15:13:12:018
-2.27928,-9.643845,-1.541866,01-15 15:13:12:024
-2.3080103,-9.624691,-1.532289,01-15 15:13:12:028
-2.3080103,-9.643845,-1.5610195,01-15 15:13:12:033
-2.2984335,-9.643845,-1.5897499,01-15 15:13:12:039
-2.3080103,-9.662998,-1.5897499,01-15 15:13:12:043
-2.3080103,-9.605537,-1.5897499,01-15 15:13:12:048
-2.327164,-9.576807,-1.5514427,01-15 15:13:12:053
-2.336741,-9.557653,-1.5227122,01-15 15:13:12:058
-2.327164,-9.500193,-1.4748282,01-15 15:13:12:064
-2.327164,-9.519346,-1.4077905,01-15 15:13:12:068
-2.327164,-9.500193,-1.3982137,01-15 15:13:12:073
-2.327164,-9.500193,-1.388637,01-15 15:13:12:078
-2.3463178,-9.5385,-1.3694834,01-15 15:13:12:083
-2.3558946,-9.5385,-1.4077905,01-15 15:13:12:089
-2.3942018,-9.509769,-1.3790601,01-15 15:13:12:093
-2.4037786,-9.481039,-1.3790601,01-15 15:13:12:098
-2.4229321,-9.490616,-1.3694834,01-15 15:13:12:104
-2.4037786,-9.500193,-1.4077905,01-15 15:13:12:109
-2.3942018,-9.490616,-1.4077905,01-15 15:13:12:114
-2.384625,-9.500193,-1.4556746,01-15 15:13:12:118
-2.3750482,-9.5385,-1.436521,01-15 15:13:12:124
-2.3654714,-9.5385,-1.4652514,01-15 15:13:12:129
-2.336741,-9.56723,-1.4748282,01-15 15:13:12:134
-2.27928,-9.586384,-1.4556746,01-15 15:13:12:139
-2.2984335,-9.595961,-1.4556746,01-15 15:13:12:143
-2.3080103,-9.653421,-1.436521,01-15 15:13:12:149
-2.3175871,-9.662998,-1.4173675,01-15 15:13:12:154
-2.3080103,-9.691729,-1.436521,01-15 15:13:12:159
-2.3175871,-9.653421,-1.436521,01-15 15:13:12:164
-2.2888567,-9.605537,-1.5035586,01-15 15:13:12:169
-2.3175871,-9.624691,-1.484405,01-15 15:13:12:174
-2.327164,-9.615114,-1.5897499,01-15 15:13:12:178
-2.327164,-9.624691,-1.5514427,01-15 15:13:12:184
-2.327164,-9.605537,-1.5610195,01-15 15:13:12:189
-2.2888567,-9.595961,-1.5610195,01-15 15:13:12:193
-2.2409728,-9.615114,-1.5801731,01-15 15:13:12:199
-2.2026656,-9.634268,-1.5610195,01-15 15:13:12:203
-2.2026656,-9.624691,-1.541866,01-15 15:13:12:209
-2.1547816,-9.615114,-1.541866,01-15 15:13:12:214
-2.135628,-9.576807,-1.5801731,01-15 15:13:12:219
-2.1547816,-9.557653,-1.5514427,01-15 15:13:12:224
-2.1068976,-9.557653,-1.5610195,01-15 15:13:12:228
-2.0973208,-9.615114,-1.5514427,01-15 15:13:12:234
-2.1068976,-9.595961,-1.532289,01-15 15:13:12:238
-2.0685902,-9.56723,-1.5610195,01-15 15:13:12:244
-2.0685902,-9.528923,-1.6089035,01-15 15:13:12:249
-2.087744,-9.528923,-1.6663644,01-15 15:13:12:253
-2.1068976,-9.5385,-1.685518,01-15 15:13:12:258
-2.078167,-9.519346,-1.6759412,01-15 15:13:12:264
-2.078167,-9.519346,-1.6759412,01-15 15:13:12:269
-2.087744,-9.548077,-1.7046716,01-15 15:13:12:273
-2.1068976,-9.56723,-1.7046716,01-15 15:13:12:279
-2.087744,-9.586384,-1.733402,01-15 15:13:12:284
-2.135628,-9.643845,-1.6950948,01-15 15:13:12:289
-2.0973208,-9.672575,-1.7717092,01-15 15:13:12:294
-2.0973208,-9.662998,-1.7621324,01-15 15:13:12:299
-2.030283,-9.662998,-1.7429788,01-15 15:13:12:304
-2.030283,-9.672575,-1.7812861,01-15 15:13:12:309
-2.0590134,-9.672575,-1.8004397,01-15 15:13:12:314
-2.0398598,-9.672575,-1.7908629,01-15 15:13:12:319
-2.0015526,-9.634268,-1.7717092,01-15 15:13:12:324
-1.9728222,-9.605537,-1.7525556,01-15 15:13:12:329
-1.9632454,-9.576807,-1.7525556,01-15 15:13:12:333
-1.9440918,-9.605537,-1.7046716,01-15 15:13:12:338
-1.934515,-9.615114,-1.685518,01-15 15:13:12:343
-1.9728222,-9.586384,-1.733402,01-15 15:13:12:348
-1.982399,-9.56723,-1.7046716,01-15 15:13:12:353
-1.9728222,-9.576807,-1.6759412,01-15 15:13:12:358
-1.9632454,-9.586384,-1.6472107,01-15 15:13:12:363
-1.9728222,-9.56723,-1.6950948,01-15 15:13:12:368
-1.9919758,-9.5385,-1.6950948,01-15 15:13:12:373
-2.0111294,-9.56723,-1.7142484,01-15 15:13:12:378
-2.0111294,-9.595961,-1.7142484,01-15 15:13:12:383
-1.982399,-9.5385,-1.7717092,01-15 15:13:12:388
-1.9919758,-9.528923,-1.7908629,01-15 15:13:12:393
-1.9919758,-9.586384,-1.7812861,01-15 15:13:12:399
-1.9632454,-9.586384,-1.8004397,01-15 15:13:12:403
-2.0015526,-9.634268,-1.8195933,01-15 15:13:12:408
-2.030283,-9.662998,-1.8195933,01-15 15:13:12:414
-2.0494366,-9.701305,-1.7908629,01-15 15:13:12:418
-2.0590134,-9.730036,-1.7908629,01-15 15:13:12:423
-2.0973208,-9.749189,-1.7908629,01-15 15:13:12:428
-2.1164744,-9.730036,-1.8100165,01-15 15:13:12:433
-2.1643584,-9.682152,-1.7908629,01-15 15:13:12:438
-2.1930888,-9.691729,-1.8004397,01-15 15:13:12:444
-2.2122424,-9.643845,-1.7717092,01-15 15:13:12:448
-2.2026656,-9.624691,-1.7621324,01-15 15:13:12:453
-2.183512,-9.586384,-1.6950948,01-15 15:13:12:458
-2.1452048,-9.595961,-1.7046716,01-15 15:13:12:463
-2.1452048,-9.576807,-1.6567876,01-15 15:13:12:469
-2.135628,-9.548077,-1.6567876,01-15 15:13:12:473
-2.1643584,-9.5385,-1.6567876,01-15 15:13:12:481
-2.1643584,-9.528923,-1.6567876,01-15 15:13:12:483
-2.1452048,-9.481039,-1.6280571,01-15 15:13:12:488
-2.1260512,-9.500193,-1.5897499,01-15 15:13:12:493
-2.1547816,-9.528923,-1.5705963,01-15 15:13:12:498
-2.1739352,-9.519346,-1.5897499,01-15 15:13:12:504
-2.2122424,-9.5385,-1.6280571,01-15 15:13:12:508
-2.2697031,-9.5385,-1.6280571,01-15 15:13:12:513
-2.27928,-9.528923,-1.6567876,01-15 15:13:12:518
-2.27928,-9.5385,-1.7621324,01-15 15:13:12:523
-2.2601264,-9.548077,-1.7525556,01-15 15:13:12:529
-2.2409728,-9.557653,-1.8004397,01-15 15:13:12:534
-2.2409728,-9.576807,-1.7812861,01-15 15:13:12:539
-2.2218192,-9.56723,-1.7621324,01-15 15:13:12:544
-2.2505496,-9.586384,-1.7621324,01-15 15:13:12:549
-2.27928,-9.595961,-1.733402,01-15 15:13:12:554
-2.27928,-9.56723,-1.7238252,01-15 15:13:12:558
-2.3080103,-9.528923,-1.7142484,01-15 15:13:12:563
-2.3175871,-9.519346,-1.6759412,01-15 15:13:12:569
-2.3175871,-9.5385,-1.6759412,01-15 15:13:12:573
-2.3463178,-9.481039,-1.7046716,01-15 15:13:12:578
-2.336741,-9.490616,-1.685518,01-15 15:13:12:583
-2.327164,-9.519346,-1.7142484,01-15 15:13:12:589
-2.3558946,-9.519346,-1.6472107,01-15 15:13:12:594
-2.336741,-9.528923,-1.6376339,01-15 15:13:12:598
-2.3463178,-9.528923,-1.6663644,01-15 15:13:12:603
-2.3463178,-9.519346,-1.6759412,01-15 15:13:12:609
-2.336741,-9.519346,-1.6759412,01-15 15:13:12:614
-2.2984335,-9.500193,-1.7046716,01-15 15:13:12:618
-2.27928,-9.519346,-1.733402,01-15 15:13:12:623
-2.2697031,-9.519346,-1.7812861,01-15 15:13:12:629
-2.2697031,-9.500193,-1.7908629,01-15 15:13:12:634
-2.2409728,-9.548077,-1.8004397,01-15 15:13:12:639
-2.2122424,-9.576807,-1.7812861,01-15 15:13:12:644
-2.2218192,-9.56723,-1.7429788,01-15 15:13:12:649
-2.231396,-9.56723,-1.7046716,01-15 15:13:12:653
-2.2218192,-9.576807,-1.7046716,01-15 15:13:12:658
-2.1930888,-9.682152,0.8331822,01-15 15:13:15:141
-2.1739352,-9.682152,0.82360536,01-15 15:13:15:146
-2.183512,-9.701305,0.81402856,01-15 15:13:15:151
-2.1739352,-9.691729,0.80445176,01-15 15:13:15:156
-2.1643584,-9.710882,0.82360536,01-15 15:13:15:161
-2.135628,-9.691729,0.842759,01-15 15:13:15:166
-2.1068976,-9.720459,0.80445176,01-15 15:13:15:171
-2.1260512,-9.720459,0.81402856,01-15 15:13:15:176
-2.1068976,-9.691729,0.81402856,01-15 15:13:15:181
-2.0973208,-9.749189,0.80445176,01-15 15:13:15:186
-2.0494366,-9.739613,0.7661445,01-15 15:13:15:191
-2.078167,-9.730036,0.7374141,01-15 15:13:15:196
-2.0207062,-9.701305,0.7374141,01-15 15:13:15:200
-1.9536686,-9.739613,0.7469909,01-15 15:13:15:206
-1.9536686,-9.797073,0.7086837,01-15 15:13:15:211
-1.9632454,-9.768343,0.6799533,01-15 15:13:15:216
-1.9728222,-9.797073,0.6607997,01-15 15:13:15:221
-1.9249382,-9.80665,0.63206923,01-15 15:13:15:226
-1.8866309,-9.797073,0.62249243,01-15 15:13:15:231
-1.9057846,-9.77792,0.58418524,01-15 15:13:15:236
-1.9153614,-9.758766,0.5746084,01-15 15:13:15:240
-1.9153614,-9.739613,0.63206923,01-15 15:13:15:246
-1.9057846,-9.768343,0.59376204,01-15 15:13:15:251
-1.8483237,-9.80665,0.6512229,01-15 15:13:15:256
-1.8483237,-9.768343,0.60333884,01-15 15:13:15:261
-1.8579005,-9.739613,0.60333884,01-15 15:13:15:266
-1.8004397,-9.749189,0.61291564,01-15 15:13:15:271
-1.7908629,-9.768343,0.61291564,01-15 15:13:15:276
-1.7621324,-9.77792,0.63206923,01-15 15:13:15:281
-1.7812861,-9.77792,0.60333884,01-15 15:13:15:286
-1.7812861,-9.768343,0.59376204,01-15 15:13:15:291
-1.8004397,-9.768343,0.5746084,01-15 15:13:15:296
-1.7908629,-9.768343,0.5363012,01-15 15:13:15:301
-1.7717092,-9.77792,0.5746084,01-15 15:13:15:306
-1.7717092,-9.77792,0.5746084,01-15 15:13:15:311
-1.7525556,-9.797073,0.5363012,01-15 15:13:15:316
-1.7621324,-9.787497,0.5267244,01-15 15:13:15:321
-1.7908629,-9.768343,0.51714754,01-15 15:13:15:326
-1.7812861,-9.797073,0.51714754,01-15 15:13:15:331
-1.7429788,-9.825804,0.50757074,01-15 15:13:15:336
-1.7429788,-9.835381,0.47884035,01-15 15:13:15:341
-1.7621324,-9.825804,0.50757074,01-15 15:13:15:346
-1.7812861,-9.816227,0.50757074,01-15 15:13:15:351
-1.7717092,-9.825804,0.48841715,01-15 15:13:15:356
-1.8004397,-9.816227,0.5267244,01-15 15:13:15:361
-1.8004397,-9.787497,0.5363012,01-15 15:13:15:366
-1.8004397,-9.768343,0.47884035,01-15 15:13:15:371
-1.8195933,-9.749189,0.47884035,01-15 15:13:15:376
-1.8387469,-9.77792,0.47884035,01-15 15:13:15:381
-1.8387469,-9.77792,0.47884035,01-15 15:13:15:386
-1.8866309,-9.797073,0.51714754,01-15 15:13:15:391
-1.9057846,-9.797073,0.49799395,01-15 15:13:15:396
-1.8770541,-9.77792,0.5267244,01-15 15:13:15:401
-1.8962077,-9.797073,0.51714754,01-15 15:13:15:407
-1.8674773,-9.816227,0.51714754,01-15 15:13:15:411
-1.7908629,-9.797073,0.5267244,01-15 15:13:15:416
-1.7908629,-9.816227,0.5746084,01-15 15:13:15:421
-1.7812861,-9.844957,0.60333884,01-15 15:13:15:427
-1.7717092,-9.854534,0.62249243,01-15 15:13:15:431
-1.7717092,-9.825804,0.60333884,01-15 15:13:15:436
-1.7525556,-9.825804,0.61291564,01-15 15:13:15:441
-1.733402,-9.825804,0.59376204,01-15 15:13:15:446
-1.6950948,-9.883265,0.47884035,01-15 15:13:15:451
-1.6663644,-9.883265,0.45968673,01-15 15:13:15:456
-1.6567876,-9.816227,0.47884035,01-15 15:13:15:461
-1.6567876,-9.816227,0.47884035,01-15 15:13:15:466
-1.7238252,-9.749189,0.5363012,01-15 15:13:15:471
-1.7717092,-9.749189,0.6607997,01-15 15:13:15:476
-1.7812861,-9.720459,0.7278373,01-15 15:13:15:481
-1.7717092,-9.749189,0.7086837,01-15 15:13:15:486
-1.8195933,-9.701305,0.6607997,01-15 15:13:15:491
-1.8483237,-9.768343,0.5363012,01-15 15:13:15:496
-1.8483237,-9.816227,0.4213795,01-15 15:13:15:501
-1.8674773,-9.768343,0.33518824,01-15 15:13:15:506
-1.7717092,-9.77792,0.31603462,01-15 15:13:15:511
-1.7717092,-9.80665,0.2873042,01-15 15:13:15:516
-1.7429788,-9.844957,0.23942018,01-15 15:13:15:521
-1.733402,-9.873688,0.22984336,01-15 15:13:15:526
-1.6950948,-9.892841,0.2873042,01-15 15:13:15:531
-1.6759412,-9.892841,0.31603462,01-15 15:13:15:536
-1.6663644,-9.844957,0.30645782,01-15 15:13:15:541
-1.6663644,-9.816227,0.32561144,01-15 15:13:15:546
-1.6950948,-9.816227,0.35434186,01-15 15:13:15:551
-1.6950948,-9.80665,0.33518824,01-15 15:13:15:556
-1.6663644,-9.825804,0.31603462,01-15 15:13:15:561
-1.6376339,-9.816227,0.34476504,01-15 15:13:15:567
-1.6280571,-9.80665,0.37349546,01-15 15:13:15:571
-1.5897499,-9.80665,0.40222588,01-15 15:13:15:576
-1.5610195,-9.883265,0.4309563,01-15 15:13:15:581
-1.532289,-9.892841,0.4213795,01-15 15:13:15:587
-1.5131354,-9.864111,0.45010993,01-15 15:13:15:591
-1.4939818,-9.854534,0.45968673,01-15 15:13:15:596
-1.5035586,-9.883265,0.45010993,01-15 15:13:15:602
-1.5131354,-9.864111,0.4405331,01-15 15:13:15:606
-1.5227122,-9.854534,0.41180268,01-15 15:13:15:611
-1.532289,-9.864111,0.41180268,01-15 15:13:15:616
-1.532289,-9.911995,0.41180268,01-15 15:13:15:621
-1.5131354,-9.921572,0.41180268,01-15 15:13:15:626
-1.5131354,-9.911995,0.36391866,01-15 15:13:15:631
-1.5801731,-9.873688,0.32561144,01-15 15:14:05:064
7.1730285,-6.7133417,2.336741,01-15 15:14:05:079
4.8267107,2.231396,7.1251445,01-15 15:14:05:239
4.759673,2.3942018,6.9527617,01-15 15:14:05:241
4.501099,2.5378537,6.991069,01-15 15:14:05:242
4.357447,2.5570073,7.0581064,01-15 15:14:05:244
4.223372,2.5474305,7.1155677,01-15 15:14:05:245
4.1276035,2.4899697,7.07726,01-15 15:14:05:247
4.0892963,2.4708161,7.0485296,01-15 15:14:05:248
3.9552212,2.336741,7.0581064,01-15 15:14:05:252
3.8402996,2.1643584,7.1155677,01-15 15:14:05:258
3.5434184,1.8387469,7.2209125,01-15 15:14:05:260
3.323152,1.5705963,7.326257,01-15 15:14:05:265
3.1507695,1.3599066,7.479486,01-15 15:14:05:268
2.9783869,1.1875241,7.6135616,01-15 15:14:05:272
2.8634653,1.0247183,7.7572136,01-15 15:14:05:277
2.8538885,0.8810662,7.824251,01-15 15:14:05:280
2.8443117,0.7661445,7.776367,01-15 15:14:05:284
2.873042,0.6607997,7.7667904,01-15 15:14:05:288
2.96881,0.6991069,7.728483,01-15 15:14:05:292
3.1124623,0.7661445,7.795521,01-15 15:14:05:296
3.265691,0.90021986,8.034941,01-15 15:14:05:300
3.3806129,1.043872,8.283937,01-15 15:14:05:304
3.5242648,1.1300632,8.513782,01-15 15:14:05:309
3.6870706,1.2354081,8.772355,01-15 15:14:05:312
3.7828386,1.3503298,9.050082,01-15 15:14:05:316
3.821146,1.3694834,9.289502,01-15 15:14:05:320
3.763685,1.388637,9.509769,01-15 15:14:05:324
3.620033,1.3694834,9.586384,01-15 15:14:05:328
3.4093432,1.3599066,9.643845,01-15 15:14:05:332
3.1986535,1.292869,9.672575,01-15 15:14:05:336
2.9975405,1.2545617,9.643845,01-15 15:14:05:340
2.882619,1.2641385,9.557653,01-15 15:14:05:344
2.8060043,1.283292,9.519346,01-15 15:14:05:348
2.7485435,1.3024458,9.423578,01-15 15:14:05:352
2.7389667,1.3599066,9.299079,01-15 15:14:05:356
2.7485435,1.3790601,9.184157,01-15 15:14:05:360
2.72939,1.3982137,9.059659,01-15 15:14:05:364
2.7006595,1.3790601,8.973468,01-15 15:14:05:368
2.6144683,1.3503298,9.040505,01-15 15:14:05:372
2.336741,1.3215994,9.203311,01-15 15:14:05:376
2.1164744,1.283292,9.337387,01-15 15:14:05:380
2.087744,1.283292,9.241618,01-15 15:14:05:384
2.1164744,1.2641385,9.088389,01-15 15:14:05:387
2.087744,1.1971009,8.839393,01-15 15:14:05:392
2.0398598,1.1587936,8.695741,01-15 15:14:05:396
2.0111294,1.1300632,8.619126,01-15 15:14:05:400
2.0398598,1.0821792,8.513782,01-15 15:14:05:404
2.135628,1.0055647,8.494628,01-15 15:14:05:408
2.27928,0.93852705,8.552089,01-15 15:14:05:412
2.4612393,0.89064306,8.580819,01-15 15:14:05:416
2.6527755,0.8331822,8.66701,01-15 15:14:05:420
2.825158,0.842759,8.781932,01-15 15:14:05:424
3.083732,0.8523358,8.992621,01-15 15:14:05:428
3.2752678,0.8523358,9.251195,01-15 15:14:05:432
3.4284968,0.93852705,9.500193,01-15 15:14:05:436
3.6008794,1.1109096,9.730036,01-15 15:14:05:440
3.6487634,1.3120226,9.883265,01-15 15:14:05:444
3.667917,1.4556746,10.0269165,01-15 15:14:05:448
3.6391866,1.6759412,10.036493,01-15 15:14:05:452
3.5338416,1.8291701,10.01734,01-15 15:14:05:456
3.323152,1.9632454,9.940725,01-15 15:14:05:461
2.882619,2.0207062,9.911995,01-15 15:14:05:464
2.4516625,2.0398598,9.825804,01-15 15:14:05:468
2.183512,2.0207062,9.691729,01-15 15:14:05:472
2.2122424,2.0398598,9.548077,01-15 15:14:05:476
2.3558946,2.0015526,9.471462,01-15 15:14:05:480
2.4708161,1.9728222,9.500193,01-15 15:14:05:484
2.4612393,1.8962077,9.5385,01-15 15:14:05:488
2.3942018,1.8100165,9.557653,01-15 15:14:05:492
2.327164,1.7717092,9.576807,01-15 15:14:05:496
2.2505496,1.685518,9.586384,01-15 15:14:05:500
2.1260512,1.5993267,9.5385,01-15 15:14:05:504
2.0494366,1.5035586,9.605537,01-15 15:14:05:508
1.9440918,1.436521,9.682152,01-15 15:14:05:512
1.7812861,1.340753,9.816227,01-15 15:14:05:516
1.5801731,1.2354081,9.931149,01-15 15:14:05:520
1.388637,1.1492168,10.132261,01-15 15:14:05:524
1.2354081,1.0151415,10.28549,01-15 15:14:05:528
1.1109096,0.90979666,10.429143,01-15 15:14:05:532
1.0151415,0.80445176,10.572795,01-15 15:14:05:536
0.94810385,0.7086837,10.754754,01-15 15:14:05:540
0.9672575,0.60333884,10.94629,01-15 15:14:05:544
1.0630256,0.5363012,11.109096,01-15 15:14:05:548
1.2258313,0.45010993,11.233594,01-15 15:14:05:552
1.4173675,0.38307226,11.33894,01-15 15:14:05:556
1.6184803,0.34476504,11.434708,01-15 15:14:05:560
1.8100165,0.39264908,11.453861,01-15 15:14:05:564
2.0207062,0.41180268,11.444284,01-15 15:14:05:568
2.087744,0.4405331,11.386824,01-15 15:14:05:572
2.0494366,0.51714754,11.300632,01-15 15:14:05:576
2.1164744,0.641646,11.18571,01-15 15:14:05:580
2.2122424,0.78529817,11.109096,01-15 15:14:05:584
2.327164,0.93852705,11.022904,01-15 15:14:05:588
2.4516625,1.1109096,10.850522,01-15 15:14:05:592
2.5091233,1.2066777,10.67814,01-15 15:14:05:596
2.5570073,1.292869,10.505757,01-15 15:14:05:600
2.566584,1.2641385,10.160992,01-15 15:14:05:604
2.4899697,1.1587936,9.892841,01-15 15:14:05:608
2.432509,1.0151415,9.624691,01-15 15:14:05:612
2.384625,0.92895025,9.394848,01-15 15:14:05:616
2.2026656,0.81402856,8.820239,01-15 15:14:05:620
2.0973208,0.89064306,8.523358,01-15 15:14:05:624
2.0973208,1.1875241,8.149862,01-15 15:14:05:628
2.0207062,1.7812861,7.5465236,01-15 15:14:05:632
1.9153614,2.4899697,7.0006456,01-15 15:14:05:636
1.4939818,3.3327289,6.4547677,01-15 15:14:05:640
0.89064306,3.7062242,6.2632318,01-15 15:14:05:644
0.30645782,3.6583402,6.253655,01-15 15:14:05:648
0.047884032,3.3327289,6.5601125,01-15 15:14:05:652
0.2777274,3.0454245,7.1155677,01-15 15:14:05:657
0.7086837,2.719813,7.843405,01-15 15:14:05:660
1.2066777,2.2218192,8.820239,01-15 15:14:05:664
1.5227122,1.733402,9.586384,01-15 15:14:05:668
1.7142484,1.3215994,10.25676,01-15 15:14:05:675
1.8579005,0.91937345,10.869676,01-15 15:14:05:676
1.7717092,0.7182605,11.070788,01-15 15:14:05:680
1.5801731,0.63206923,11.166556,01-15 15:14:05:684
1.3503298,0.641646,11.128249,01-15 15:14:05:688
1.2737153,0.6895301,11.089942,01-15 15:14:05:692
1.2737153,0.80445176,10.94629,01-15 15:14:05:696
1.2641385,1.0342951,10.745177,01-15 15:14:05:700
1.1204864,1.1971009,10.524911,01-15 15:14:05:704
0.8523358,1.283292,10.170568,01-15 15:14:05:708
0.5554548,1.4939818,9.682152,01-15 15:14:05:712
0.20111294,1.685518,9.3661175,01-15 15:14:05:716
-0.08619126,1.9440918,9.165004,01-15 15:14:05:720
-0.25857377,2.2409728,9.040505,01-15 15:14:05:726
-0.31603462,2.4037786,9.040505,01-15 15:14:05:728
-0.32561144,2.4229321,8.973468,01-15 15:14:05:732
-0.2681506,2.3463178,8.820239,01-15 15:14:05:736
-0.22026655,2.1452048,8.561666,01-15 15:14:05:740
-0.36391866,1.9919758,8.264784,01-15 15:14:05:744
-0.45968673,1.9153614,8.121132,01-15 15:14:05:748
-0.30645782,1.8579005,8.101978,01-15 15:14:05:752
0.16280572,1.8483237,8.293514,01-15 15:14:05:756
0.7278373,1.8483237,8.580819,01-15 15:14:05:760
1.3503298,1.8483237,8.801085,01-15 15:14:05:764
1.982399,1.8004397,9.002198,01-15 15:14:05:768
2.3654714,1.7046716,9.136273,01-15 15:14:05:772
2.6240451,1.6089035,9.222465,01-15 15:14:05:776
2.8060043,1.5610195,9.3661175,01-15 15:14:05:780
2.834735,1.4939818,9.5385,01-15 15:14:05:784
2.8443117,1.4652514,9.701305,01-15 15:14:05:790
2.7581203,1.4269443,9.921572,01-15 15:14:05:792
2.585738,1.3694834,10.132261,01-15 15:14:05:796
2.4229321,1.3694834,10.352529,01-15 15:14:05:800
2.2409728,1.3790601,10.67814,01-15 15:14:05:804
2.0973208,1.3503298,10.91756,01-15 15:14:05:808
1.982399,1.3120226,11.21444,01-15 15:14:05:812
1.9440918,1.2162545,11.511322,01-15 15:14:05:816
2.0111294,1.1779473,11.654974,01-15 15:14:05:820
2.0590134,1.1300632,11.884817,01-15 15:14:05:824
2.0590134,1.1300632,12.248735,01-15 15:14:05:828
2.0111294,1.1492168,12.497733,01-15 15:14:05:832
1.9153614,1.1109096,12.785037,01-15 15:14:05:836
1.8674773,1.0726024,12.98615,01-15 15:14:05:840
1.8962077,1.043872,13.091495,01-15 15:14:05:844
1.8962077,1.0630256,13.034034,01-15 15:14:05:848
1.7238252,1.1300632,12.995727,01-15 15:14:05:852
1.6759412,1.1300632,12.938266,01-15 15:14:05:856
1.733402,1.1109096,12.871228,01-15 15:14:05:860
1.7525556,0.9864111,12.765883,01-15 15:14:05:864
1.685518,0.8714894,12.583924,01-15 15:14:05:868
1.6184803,0.7661445,12.334928,01-15 15:14:05:872
1.5227122,0.6703765,11.9614315,01-15 15:14:05:876
1.484405,0.641646,11.60709,01-15 15:14:05:880
1.4269443,0.5650316,11.291056,01-15 15:14:05:884
1.3982137,0.51714754,10.927136,01-15 15:14:05:889
1.3694834,0.5554548,10.611102,01-15 15:14:05:892
1.3694834,0.62249243,10.342952,01-15 15:14:05:896
1.4077905,0.7469909,10.055647,01-15 15:14:05:900
1.436521,0.90979666,9.844957,01-15 15:14:05:904
1.4460979,1.0630256,9.605537,01-15 15:14:05:908
1.4748282,1.2162545,9.107543,01-15 15:14:05:912
1.4748282,1.3599066,8.580819,01-15 15:14:05:916
1.4556746,1.5131354,7.9966335,01-15 15:14:05:921
1.3694834,1.6759412,7.422025,01-15 15:14:05:924
1.292869,1.8195933,7.0964136,01-15 15:14:05:928
1.2545617,1.9728222,6.991069,01-15 15:14:05:932
1.3311762,2.1452048,6.981492,01-15 15:14:05:936
1.4269443,2.2505496,7.038953,01-15 15:14:05:940
1.5610195,2.27928,7.144298,01-15 15:14:05:944
1.6663644,2.27928,7.2687964,01-15 15:14:05:948
1.7525556,2.2218192,7.345411,01-15 15:14:05:952
1.8291701,2.1547816,7.422025,01-15 15:14:05:956
1.8195933,2.1068976,7.565677,01-15 15:14:05:960
1.8004397,2.1260512,7.7189064,01-15 15:14:05:964
1.8004397,2.0973208,7.920019,01-15 15:14:05:968
1.8004397,2.1739352,8.159439,01-15 15:14:05:972
1.7429788,2.2218192,8.418014,01-15 15:14:05:976
1.6567876,2.2697031,8.801085,01-15 15:14:05:980
1.5610195,2.3175871,9.136273,01-15 15:14:05:984
1.484405,2.2601264,9.481039,01-15 15:14:05:988
1.4077905,2.2122424,9.816227,01-15 15:14:05:992
1.3599066,2.1643584,10.0748005,01-15 15:14:05:996
1.3120226,2.1068976,10.247183,01-15 15:14:06:000
1.283292,1.982399,10.400413,01-15 15:14:06:013
1.2545617,1.8962077,10.46745,01-15 15:14:06:015
1.2737153,1.8291701,10.553641,01-15 15:14:06:016
1.2545617,1.7142484,10.620679,01-15 15:14:06:017
1.2162545,1.6184803,10.649409,01-15 15:14:06:022
1.2258313,1.5610195,10.611102,01-15 15:14:06:025
1.2162545,1.4939818,10.563218,01-15 15:14:06:028
1.2258313,1.5131354,10.43872,01-15 15:14:06:032
1.2545617,1.5227122,10.352529,01-15 15:14:06:038
1.2641385,1.541866,10.170568,01-15 15:14:06:040
1.2641385,1.6376339,10.036493,01-15 15:14:06:044
1.2258313,1.6950948,9.883265,01-15 15:14:06:048
1.1971009,1.7717092,9.710882,01-15 15:14:06:051
1.1779473,1.8770541,9.557653,01-15 15:14:06:056
1.1779473,1.934515,9.404425,01-15 15:14:06:065
1.1587936,2.0685902,9.260772,01-15 15:14:06:065
1.1779473,2.183512,9.165004,01-15 15:14:06:072
1.1587936,2.2984335,9.088389,01-15 15:14:06:073
1.1204864,2.3750482,9.011775,01-15 15:14:06:076
1.0821792,2.4037786,8.954314,01-15 15:14:06:080
1.043872,2.4420857,8.916007,01-15 15:14:06:084
1.0247183,2.4708161,8.90643,01-15 15:14:06:088
0.9959879,2.4420857,8.916007,01-15 15:14:06:092
0.9959879,2.4037786,8.963891,01-15 15:14:06:096
0.92895025,2.3080103,9.011775,01-15 15:14:06:099
0.90979666,2.2409728,9.050082,01-15 15:14:06:105
0.8331822,2.2026656,9.11712,01-15 15:14:06:108
0.79487497,2.1547816,9.241618,01-15 15:14:06:112
0.7374141,2.1452048,9.289502,01-15 15:14:06:115
0.6991069,2.1739352,9.375694,01-15 15:14:06:120
0.63206923,2.1260512,9.423578,01-15 15:14:06:124
0.61291564,2.0973208,9.461885,01-15 15:14:06:128
0.5746084,2.0685902,9.500193,01-15 15:14:06:132
0.5746084,2.087744,9.509769,01-15 15:14:06:136
0.5746084,2.087744,9.528923,01-15 15:14:06:140
0.5363012,2.0685902,9.509769,01-15 15:14:06:144
0.50757074,2.0973208,9.481039,01-15 15:14:06:147
0.45968673,2.135628,9.452309,01-15 15:14:06:152
0.4213795,2.1452048,9.375694,01-15 15:14:06:156
0.40222588,2.1643584,9.337387,01-15 15:14:06:160
0.37349546,2.2122424,9.279925,01-15 15:14:06:163
0.37349546,2.2505496,9.222465,01-15 15:14:06:169
0.4213795,2.3175871,9.174581,01-15 15:14:06:172
0.47884035,2.3654714,9.126697,01-15 15:14:06:176
0.5554548,2.4229321,9.078813,01-15 15:14:06:180
0.63206923,2.4899697,9.069236,01-15 15:14:06:183
0.7278373,2.5570073,9.050082,01-15 15:14:06:188
0.81402856,2.6719291,9.050082,01-15 15:14:06:192
0.8523358,2.72939,9.059659,01-15 15:14:06:195
0.90021986,2.7485435,9.069236,01-15 15:14:06:199
0.90021986,2.7581203,9.107543,01-15 15:14:06:204
0.92895025,2.7964275,9.107543,01-15 15:14:06:208
0.89064306,2.767697,9.078813,01-15 15:14:06:211
0.842759,2.72939,9.088389,01-15 15:14:06:215
0.7757214,2.7581203,9.069236,01-15 15:14:06:220
0.7661445,2.7389667,9.030929,01-15 15:14:06:224
0.6991069,2.7102363,8.983045,01-15 15:14:06:228
0.63206923,2.7006595,8.992621,01-15 15:14:06:232
0.58418524,2.6527755,8.973468,01-15 15:14:06:236
0.51714754,2.633622,8.983045,01-15 15:14:06:240
0.50757074,2.633622,8.992621,01-15 15:14:06:244
0.46926352,2.6048915,9.011775,01-15 15:14:06:248
0.4213795,2.5953147,9.040505,01-15 15:14:06:252
0.40222588,2.5570073,9.107543,01-15 15:14:06:256
0.40222588,2.566584,9.155427,01-15 15:14:06:260
0.4213795,2.585738,9.193734,01-15 15:14:06:264
0.4213795,2.585738,9.222465,01-15 15:14:06:269
0.4405331,2.5761611,9.232041,01-15 15:14:06:272
0.47884035,2.585738,9.241618,01-15 15:14:06:276
0.5267244,2.585738,9.270349,01-15 15:14:06:280
0.5267244,2.5761611,9.289502,01-15 15:14:06:286
0.5554548,2.6048915,9.279925,01-15 15:14:06:288
0.58418524,2.6048915,9.279925,01-15 15:14:06:292
0.5746084,2.633622,9.308656,01-15 15:14:06:296
0.58418524,2.6623523,9.32781,01-15 15:14:06:300
0.59376204,2.7006595,9.346964,01-15 15:14:06:304
0.58418524,2.72939,9.3661175,01-15 15:14:06:308
0.5746084,2.7581203,9.375694,01-15 15:14:06:312
0.641646,2.7964275,9.414001,01-15 15:14:06:316
0.7278373,2.8060043,9.452309,01-15 15:14:06:320
0.8523358,2.7868507,9.481039,01-15 15:14:06:324
0.9576807,2.8060043,9.519346,01-15 15:14:06:328
1.0247183,2.8060043,9.615114,01-15 15:14:06:332
1.0342951,2.815581,9.701305,01-15 15:14:06:336
1.0247183,2.825158,9.749189,01-15 15:14:06:340
0.9864111,2.7868507,9.80665,01-15 15:14:06:344
0.94810385,2.72939,9.825804,01-15 15:14:06:347
0.8714894,2.6910827,9.825804,01-15 15:14:06:352
0.7565677,2.719813,9.816227,01-15 15:14:06:356
0.6991069,2.7485435,9.768343,01-15 15:14:06:359
0.62249243,2.767697,9.710882,01-15 15:14:06:363
0.5267244,2.7964275,9.653421,01-15 15:14:06:368
0.4405331,2.834735,9.624691,01-15 15:14:06:371
0.41180268,2.9113493,9.576807,01-15 15:14:06:375
0.4213795,3.0071173,9.528923,01-15 15:14:06:380
0.45010993,3.0933087,9.423578,01-15 15:14:06:384
0.46926352,3.1316159,9.3661175,01-15 15:14:06:388
0.47884035,3.1794999,9.299079,01-15 15:14:06:392
0.46926352,3.217807,9.260772,01-15 15:14:06:396
0.46926352,3.2273839,9.212888,01-15 15:14:06:400
0.48841715,3.2465374,9.222465,01-15 15:14:06:404
0.47884035,3.217807,9.193734,01-15 15:14:06:408
0.45010993,3.1890767,9.203311,01-15 15:14:06:412
0.45010993,3.1603463,9.212888,01-15 15:14:06:416
0.4405331,3.122039,9.232041,01-15 15:14:06:420
0.40222588,3.1411927,9.212888,01-15 15:14:06:424
0.4405331,3.1507695,9.193734,01-15 15:14:06:428
0.4405331,3.1316159,9.193734,01-15 15:14:06:432
0.4405331,3.1507695,9.232041,01-15 15:14:06:436
0.4309563,3.1890767,9.193734,01-15 15:14:06:440
0.40222588,3.1986535,9.212888,01-15 15:14:06:444
0.38307226,3.2082303,9.212888,01-15 15:14:06:448
0.31603462,3.2561142,9.241618,01-15 15:14:06:452
0.2777274,3.2848446,9.232041,01-15 15:14:06:456
0.22026655,3.265691,9.241618,01-15 15:14:06:460
0.1436521,3.2082303,9.241618,01-15 15:14:06:464
0.076614454,3.1603463,9.232041,01-15 15:14:06:468
0.047884032,3.1028855,9.203311,01-15 15:14:06:472
0.038307227,3.074155,9.155427,01-15 15:14:06:476
0.0,3.016694,9.050082,01-15 15:14:06:479
-0.009576807,3.0454245,9.011775,01-15 15:14:06:484
0.0,3.0071173,8.963891,01-15 15:14:06:488
-0.019153614,3.0262709,8.944737,01-15 15:14:06:491
-0.038307227,3.083732,8.90643,01-15 15:14:06:495
-0.009576807,3.1124623,8.916007,01-15 15:14:06:500
0.0,3.1603463,8.935161,01-15 15:14:06:503
0.0,3.1986535,8.983045,01-15 15:14:06:508
0.0,3.2369606,9.021352,01-15 15:14:06:511
0.009576807,3.2465374,9.078813,01-15 15:14:06:517
0.06703765,3.2944214,9.107543,01-15 15:14:06:520
0.1340753,3.3327289,9.193734,01-15 15:14:06:523
0.21068975,3.3901896,9.212888,01-15 15:14:06:528
0.29688102,3.3997664,9.232041,01-15 15:14:06:533
0.35434186,3.4476504,9.32781,01-15 15:14:06:536
0.38307226,3.466804,9.32781,01-15 15:14:06:540
0.40222588,3.4955344,9.3661175,01-15 15:14:06:544
0.38307226,3.5051112,9.356541,01-15 15:14:06:548
0.34476504,3.4955344,9.423578,01-15 15:14:06:552
0.2873042,3.4859576,9.423578,01-15 15:14:06:556
0.2681506,3.5051112,9.433155,01-15 15:14:06:560
0.2873042,3.514688,9.404425,01-15 15:14:06:564
0.32561144,3.4859576,9.385271,01-15 15:14:06:568
0.29688102,3.466804,9.394848,01-15 15:14:06:572
0.2681506,3.466804,9.394848,01-15 15:14:06:576
0.24899697,3.4284968,9.375694,01-15 15:14:06:580
0.17238252,3.4093432,9.375694,01-15 15:14:06:584
0.06703765,3.3901896,9.32781,01-15 15:14:06:588
0.019153614,3.3614593,9.32781,01-15 15:14:06:592
-0.019153614,3.3806129,9.3182335,01-15 15:14:06:596
-0.038307227,3.41892,9.270349,01-15 15:14:06:600
-0.05746084,3.41892,9.241618,01-15 15:14:06:604
-0.10534488,3.4284968,9.174581,01-15 15:14:06:608
-0.1436521,3.4093432,9.11712,01-15 15:14:06:612
-0.1436521,3.3806129,9.040505,01-15 15:14:06:616
-0.1436521,3.3997664,8.935161,01-15 15:14:06:620
-0.1436521,3.41892,8.90643,01-15 15:14:06:624
-0.17238252,3.4476504,8.839393,01-15 15:14:06:628
-0.22984336,3.4476504,8.839393,01-15 15:14:06:632
-0.23942018,3.4284968,8.839393,01-15 15:14:06:636
-0.23942018,3.3901896,8.887277,01-15 15:14:06:640
-0.23942018,3.3614593,8.90643,01-15 15:14:06:644
-0.24899697,3.3518825,8.896853,01-15 15:14:06:649
-0.23942018,3.323152,8.916007,01-15 15:14:06:652
-0.16280572,3.3327289,8.935161,01-15 15:14:06:656
-0.08619126,3.371036,8.90643,01-15 15:14:06:660
0.0,3.4284968,8.839393,01-15 15:14:06:664
0.047884032,3.4763808,8.820239,01-15 15:14:06:668
0.076614454,3.4572272,8.743625,01-15 15:14:06:672
0.08619126,3.371036,8.63828,01-15 15:14:06:676
0.10534488,3.466804,8.542512,01-15 15:14:06:680
0.06703765,3.5338416,8.523358,01-15 15:14:06:684
-0.019153614,3.620033,8.532935,01-15 15:14:06:688
-0.11492168,3.6487634,8.532935,01-15 15:14:06:692
-0.25857377,3.6391866,8.532935,01-15 15:14:06:696
-0.2777274,3.6008794,8.580819,01-15 15:14:06:700
-0.24899697,3.5338416,8.571242,01-15 15:14:06:704
-0.19153613,3.41892,8.571242,01-15 15:14:06:708
-0.16280572,3.2848446,8.322245,01-15 15:14:06:712
-0.22026655,3.2561142,8.1881695,01-15 15:14:06:716
-0.32561144,3.2369606,8.197746,01-15 15:14:06:720
-0.4309563,3.2369606,8.331821,01-15 15:14:06:724
-0.4405331,3.2752678,8.485051,01-15 15:14:06:728
-0.38307226,3.2944214,8.647857,01-15 15:14:06:732
-0.2777274,3.3135753,8.916007,01-15 15:14:06:736
-0.21068975,3.3135753,9.136273,01-15 15:14:06:740
-0.19153613,3.2848446,9.385271,01-15 15:14:06:744
-0.17238252,3.2369606,9.605537,01-15 15:14:06:748
-0.15322891,3.2082303,9.797073,01-15 15:14:06:752
-0.06703765,3.1986535,9.969456,01-15 15:14:06:756
-0.02873042,3.1411927,10.084377,01-15 15:14:06:760
-0.009576807,3.1603463,10.093954,01-15 15:14:06:765
-0.02873042,3.1411927,10.055647,01-15 15:14:06:768
-0.1340753,3.1028855,9.911995,01-15 15:14:06:772
-0.17238252,3.0550013,9.797073,01-15 15:14:06:776
-0.23942018,2.930503,9.557653,01-15 15:14:06:781
-0.33518824,2.8634653,9.279925,01-15 15:14:06:784
-0.41180268,2.7964275,9.059659,01-15 15:14:06:788
-0.49799395,2.7868507,8.829816,01-15 15:14:06:792
-0.61291564,2.767697,8.619126,01-15 15:14:06:796
-0.6607997,2.7964275,8.513782,01-15 15:14:06:800
